update_rule,K,N,L,attack,training_time,adversary_score
random_walk,4.0,4.0,24.0,none,214.46896,74.739586
random_walk,4.0,4.0,4.0,none,7.809325,77.34375
hebbian,4.0,4.0,24.0,none,303.59805,84.765625
anti_hebbian,4.0,4.0,24.0,none,354.56805,77.21354
random_walk,4.0,4.0,24.0,none,238.53914,71.22396
anti_hebbian,4.0,4.0,4.0,none,7.649407,76.5625
random_walk,4.0,4.0,4.0,none,7.827735,74.21875
anti_hebbian,4.0,4.0,24.0,none,263.1948,87.36979
hebbian,4.0,4.0,4.0,none,8.414995,82.8125
anti_hebbian,4.0,4.0,4.0,none,5.081625,75.78125
random_walk,4.0,4.0,24.0,none,433.35257,85.677086
anti_hebbian,4.0,4.0,4.0,none,8.549236,75.0
hebbian,4.0,4.0,24.0,none,366.16434,77.734375
random_walk,4.0,4.0,24.0,none,237.66376,78.25521
anti_hebbian,4.0,4.0,4.0,none,10.00217,78.90625
hebbian,4.0,4.0,4.0,none,6.499807,85.15625
anti_hebbian,4.0,4.0,24.0,none,232.0118,74.34896
random_walk,4.0,4.0,4.0,none,6.128345,82.03125
random_walk,4.0,4.0,24.0,none,258.79315,82.552086
anti_hebbian,4.0,4.0,4.0,none,16.37242,78.90625
hebbian,4.0,4.0,24.0,none,212.30423,80.208336
random_walk,4.0,4.0,24.0,none,282.50803,83.59375
anti_hebbian,4.0,4.0,24.0,none,188.9398,86.197914
anti_hebbian,4.0,4.0,24.0,none,356.53973,70.96354
random_walk,4.0,4.0,4.0,none,6.640419,82.03125
anti_hebbian,4.0,4.0,4.0,none,5.329887,81.25
hebbian,4.0,4.0,4.0,none,8.162473,75.0
random_walk,4.0,4.0,24.0,none,354.6694,75.390625
random_walk,4.0,4.0,4.0,none,7.8589,86.71875
random_walk,4.0,4.0,24.0,none,263.22742,78.90625
anti_hebbian,4.0,4.0,4.0,none,7.566306,82.8125
hebbian,4.0,4.0,24.0,none,204.68016,74.34896
random_walk,4.0,4.0,4.0,none,4.516385,77.34375
hebbian,4.0,4.0,4.0,none,8.063276,75.0
anti_hebbian,4.0,4.0,4.0,none,7.2879763,70.3125
random_walk,4.0,4.0,4.0,none,4.7809896,92.1875
random_walk,4.0,4.0,24.0,none,278.86154,78.125
anti_hebbian,4.0,4.0,24.0,none,370.4734,83.59375
random_walk,4.0,4.0,24.0,none,251.23233,72.916664
anti_hebbian,4.0,4.0,24.0,none,296.78757,75.78125
anti_hebbian,4.0,4.0,4.0,none,7.141065,86.71875
hebbian,4.0,4.0,4.0,none,6.191615,84.375
anti_hebbian,4.0,4.0,24.0,none,288.20453,77.864586
random_walk,4.0,4.0,4.0,none,9.728927,96.09375
random_walk,4.0,4.0,24.0,none,199.17793,77.47396
random_walk,4.0,4.0,4.0,none,8.5709915,71.09375
hebbian,4.0,4.0,24.0,none,393.47415,70.833336
random_walk,4.0,4.0,4.0,none,4.880953,78.90625
anti_hebbian,4.0,4.0,24.0,none,477.78708,74.86979
hebbian,4.0,4.0,4.0,none,4.2142887,81.25
hebbian,4.0,4.0,24.0,none,329.27176,85.416664
anti_hebbian,4.0,4.0,4.0,none,6.438546,68.75
anti_hebbian,4.0,4.0,24.0,none,216.68344,77.864586
hebbian,4.0,4.0,24.0,none,226.96277,76.5625
hebbian,4.0,4.0,4.0,none,7.912174,73.4375
random_walk,4.0,4.0,24.0,none,173.16725,78.645836
hebbian,4.0,4.0,24.0,none,207.3201,82.8125
hebbian,4.0,4.0,4.0,none,15.006463,73.4375
anti_hebbian,4.0,4.0,4.0,none,7.269621,71.09375
random_walk,4.0,4.0,4.0,none,7.992184,75.78125
anti_hebbian,4.0,4.0,24.0,none,303.43964,87.760414
hebbian,4.0,4.0,24.0,none,264.3003,76.822914
random_walk,4.0,4.0,24.0,none,194.282,88.93229
random_walk,4.0,4.0,4.0,none,8.600522,76.5625
hebbian,4.0,4.0,24.0,none,141.92296,79.427086
random_walk,4.0,4.0,24.0,none,210.22551,67.1875
hebbian,4.0,4.0,24.0,none,371.38837,86.06771
anti_hebbian,4.0,4.0,24.0,none,264.0537,89.322914
random_walk,4.0,4.0,4.0,none,7.768085,75.78125
hebbian,4.0,4.0,24.0,none,220.38739,84.635414
anti_hebbian,4.0,4.0,4.0,none,9.634545,80.46875
hebbian,4.0,4.0,4.0,none,10.967479,75.78125
random_walk,4.0,4.0,24.0,none,316.3922,77.083336
hebbian,4.0,4.0,4.0,none,7.570848,78.90625
hebbian,4.0,4.0,24.0,none,235.4164,78.90625
random_walk,4.0,4.0,24.0,none,299.3511,76.43229
random_walk,4.0,4.0,24.0,none,414.57452,83.984375
hebbian,4.0,4.0,24.0,none,238.96109,87.890625
anti_hebbian,4.0,4.0,4.0,none,12.439831,75.78125
anti_hebbian,4.0,4.0,4.0,none,7.0848217,80.46875
hebbian,4.0,4.0,4.0,none,6.235981,72.65625
anti_hebbian,4.0,4.0,24.0,none,164.35646,76.822914
random_walk,4.0,4.0,24.0,none,271.31232,77.604164
random_walk,4.0,4.0,4.0,none,10.048906,83.59375
random_walk,4.0,4.0,4.0,none,16.517763,77.34375
hebbian,4.0,4.0,24.0,none,379.32324,79.296875
anti_hebbian,4.0,4.0,24.0,none,342.4526,78.515625
random_walk,4.0,4.0,24.0,none,225.54459,92.447914
random_walk,4.0,4.0,4.0,none,6.205772,79.6875
random_walk,4.0,4.0,24.0,none,410.34207,75.91146
random_walk,4.0,4.0,4.0,none,8.744193,85.15625
anti_hebbian,4.0,4.0,24.0,none,285.6043,76.302086
hebbian,4.0,4.0,4.0,none,7.355658,79.6875
anti_hebbian,4.0,4.0,4.0,none,10.333694,66.40625
random_walk,4.0,4.0,24.0,none,303.18683,84.765625
random_walk,4.0,4.0,24.0,none,381.06546,78.645836
hebbian,4.0,4.0,24.0,none,180.27713,85.15625
anti_hebbian,4.0,4.0,4.0,none,5.7506943,81.25
anti_hebbian,4.0,4.0,4.0,none,13.638975,82.03125
hebbian,4.0,4.0,4.0,none,8.11684,75.0
anti_hebbian,4.0,4.0,4.0,none,13.000969,76.5625
random_walk,4.0,4.0,24.0,none,226.84225,75.91146
random_walk,4.0,4.0,4.0,none,6.3105087,80.46875
anti_hebbian,4.0,4.0,24.0,none,216.13829,79.81771
hebbian,4.0,4.0,24.0,none,315.00424,78.645836
random_walk,4.0,4.0,24.0,none,198.32193,84.635414
anti_hebbian,4.0,4.0,24.0,none,209.50638,79.296875
random_walk,4.0,4.0,4.0,none,4.70331,75.78125
random_walk,4.0,4.0,24.0,none,246.80042,84.765625
anti_hebbian,4.0,4.0,24.0,none,285.38486,78.25521
random_walk,4.0,4.0,4.0,none,7.132625,76.5625
anti_hebbian,4.0,4.0,4.0,none,6.0921183,80.46875
hebbian,4.0,4.0,4.0,none,15.7287655,81.25
hebbian,4.0,4.0,4.0,none,7.816225,78.90625
random_walk,4.0,4.0,4.0,none,9.202859,74.21875
anti_hebbian,4.0,4.0,24.0,none,343.4619,80.46875
hebbian,4.0,4.0,4.0,none,11.742746,79.6875
anti_hebbian,4.0,4.0,4.0,none,9.803807,71.875
hebbian,4.0,4.0,24.0,none,318.8178,82.03125
hebbian,4.0,4.0,24.0,none,253.38655,84.50521
hebbian,4.0,4.0,24.0,none,302.10666,81.25
hebbian,4.0,4.0,4.0,none,12.913311,84.375
random_walk,4.0,4.0,24.0,none,346.6314,72.78646
random_walk,4.0,4.0,24.0,none,268.75815,76.822914
hebbian,4.0,4.0,24.0,none,336.52,80.859375
anti_hebbian,4.0,4.0,4.0,none,5.067238,78.90625
hebbian,4.0,4.0,4.0,none,5.984529,73.4375
anti_hebbian,4.0,4.0,24.0,none,180.72704,78.385414
random_walk,4.0,4.0,4.0,none,3.595937,80.46875
random_walk,4.0,4.0,24.0,none,435.74606,84.50521
random_walk,4.0,4.0,4.0,none,6.515113,78.90625
random_walk,4.0,4.0,24.0,none,154.0437,71.484375
hebbian,4.0,4.0,24.0,none,331.0334,78.125
anti_hebbian,4.0,4.0,24.0,none,276.4402,75.520836
anti_hebbian,4.0,4.0,24.0,none,242.19476,82.552086
random_walk,4.0,4.0,4.0,none,6.424437,82.8125
anti_hebbian,4.0,4.0,4.0,none,7.253467,84.375
hebbian,4.0,4.0,24.0,none,185.11029,73.177086
hebbian,4.0,4.0,4.0,none,8.054635,73.4375
hebbian,4.0,4.0,24.0,none,233.26797,83.46354
hebbian,4.0,4.0,4.0,none,12.740131,74.21875
hebbian,4.0,4.0,24.0,none,282.80667,76.43229
random_walk,4.0,4.0,24.0,none,310.71426,82.94271
hebbian,4.0,4.0,4.0,none,8.503017,82.8125
anti_hebbian,4.0,4.0,4.0,none,5.142272,75.0
random_walk,4.0,4.0,4.0,none,11.707727,76.5625
anti_hebbian,4.0,4.0,24.0,none,183.61906,82.16146
anti_hebbian,4.0,4.0,24.0,none,274.56952,81.770836
random_walk,4.0,4.0,24.0,none,350.16428,82.8125
random_walk,4.0,4.0,4.0,none,11.9769745,75.78125
random_walk,4.0,4.0,24.0,none,222.79431,74.479164
hebbian,4.0,4.0,24.0,none,400.50208,77.99479
hebbian,4.0,4.0,24.0,none,247.02187,73.30729
hebbian,4.0,4.0,4.0,none,10.825806,82.8125
hebbian,4.0,4.0,24.0,none,251.91086,85.28646
anti_hebbian,4.0,4.0,24.0,none,294.92435,86.979164
anti_hebbian,4.0,4.0,4.0,none,14.006175,71.09375
random_walk,4.0,4.0,4.0,none,6.520112,92.96875
anti_hebbian,4.0,4.0,24.0,none,362.95956,79.03646
hebbian,4.0,4.0,4.0,none,4.5674896,88.28125
hebbian,4.0,4.0,24.0,none,211.2224,77.99479
hebbian,4.0,4.0,24.0,none,330.96298,79.03646
anti_hebbian,4.0,4.0,4.0,none,7.467742,81.25
hebbian,4.0,4.0,4.0,none,12.053422,73.4375
anti_hebbian,4.0,4.0,24.0,none,363.5734,88.15104
random_walk,4.0,4.0,4.0,none,3.724454,82.03125
anti_hebbian,4.0,4.0,4.0,none,7.2055616,80.46875
hebbian,4.0,4.0,24.0,none,277.43268,74.609375
random_walk,4.0,4.0,24.0,none,306.67206,79.947914
anti_hebbian,4.0,4.0,24.0,none,190.34842,77.47396
anti_hebbian,4.0,4.0,24.0,none,363.8211,85.15625
random_walk,4.0,4.0,4.0,none,8.691622,80.46875
hebbian,4.0,4.0,4.0,none,8.735526,82.03125
hebbian,4.0,4.0,24.0,none,261.0104,78.385414
hebbian,4.0,4.0,4.0,none,6.3296547,76.5625
anti_hebbian,4.0,4.0,4.0,none,8.164256,84.375
anti_hebbian,4.0,4.0,4.0,none,5.986095,76.5625
hebbian,4.0,4.0,24.0,none,168.58704,78.25521
anti_hebbian,4.0,4.0,4.0,none,5.189322,74.21875
hebbian,4.0,4.0,4.0,none,7.430945,85.9375
hebbian,4.0,4.0,4.0,none,6.236633,76.5625
random_walk,4.0,4.0,4.0,none,7.405656,79.6875
anti_hebbian,4.0,4.0,24.0,none,416.3965,78.25521
random_walk,4.0,4.0,4.0,none,6.418991,75.0
anti_hebbian,4.0,4.0,4.0,none,7.305171,82.8125
hebbian,4.0,4.0,4.0,none,10.903158,82.8125
anti_hebbian,4.0,4.0,24.0,none,324.6515,83.203125
random_walk,4.0,4.0,4.0,none,5.573709,82.03125
anti_hebbian,4.0,4.0,4.0,none,15.723022,86.71875
random_walk,4.0,4.0,4.0,none,6.6080837,75.78125
hebbian,4.0,4.0,24.0,none,289.1545,81.25
random_walk,4.0,4.0,4.0,none,6.3852463,78.90625
anti_hebbian,4.0,4.0,24.0,none,212.0875,76.822914
hebbian,4.0,4.0,4.0,none,14.453423,83.59375
hebbian,4.0,4.0,24.0,none,178.15787,73.046875
random_walk,4.0,4.0,4.0,none,7.392557,77.34375
anti_hebbian,4.0,4.0,4.0,none,9.8334465,85.15625
hebbian,4.0,4.0,24.0,none,176.13545,81.11979
hebbian,4.0,4.0,4.0,none,8.623901,76.5625
anti_hebbian,4.0,4.0,24.0,none,382.90112,79.166664
hebbian,4.0,4.0,4.0,none,8.282537,74.21875
anti_hebbian,4.0,4.0,4.0,none,5.455662,79.6875
random_walk,4.0,4.0,4.0,none,17.223534,67.96875
anti_hebbian,4.0,4.0,24.0,none,389.99823,74.34896
anti_hebbian,4.0,4.0,4.0,none,7.918684,75.78125
anti_hebbian,4.0,4.0,24.0,none,365.05807,80.078125
random_walk,4.0,4.0,4.0,none,10.814214,82.8125
hebbian,4.0,4.0,24.0,none,245.03195,80.208336
anti_hebbian,4.0,4.0,24.0,none,265.5035,90.234375
anti_hebbian,4.0,4.0,4.0,none,7.600562,82.03125
anti_hebbian,4.0,4.0,24.0,none,366.08383,75.260414
anti_hebbian,4.0,4.0,4.0,none,13.034623,86.71875
random_walk,4.0,4.0,4.0,none,9.552245,78.90625
hebbian,4.0,4.0,24.0,none,204.30052,76.43229
hebbian,4.0,4.0,4.0,none,9.262986,73.4375
hebbian,4.0,4.0,4.0,none,5.631009,73.4375
hebbian,4.0,4.0,24.0,none,296.0625,83.333336
hebbian,4.0,4.0,24.0,none,184.05232,82.94271
anti_hebbian,4.0,4.0,4.0,none,5.860661,60.9375
hebbian,4.0,4.0,4.0,none,8.123402,85.9375
anti_hebbian,4.0,4.0,24.0,none,291.67545,81.770836
random_walk,4.0,4.0,4.0,none,8.670717,65.625
anti_hebbian,4.0,4.0,4.0,none,6.158984,84.375
hebbian,4.0,4.0,4.0,none,9.401358,79.6875
hebbian,4.0,4.0,24.0,none,130.34654,86.58854
anti_hebbian,4.0,4.0,24.0,none,403.28116,81.25
random_walk,4.0,4.0,24.0,none,274.98175,77.47396
hebbian,4.0,4.0,4.0,none,10.116242,82.03125
hebbian,4.0,4.0,24.0,none,156.40416,76.171875
anti_hebbian,4.0,4.0,4.0,none,9.418424,75.78125
random_walk,4.0,4.0,4.0,none,10.615934,77.34375
anti_hebbian,4.0,4.0,24.0,none,276.07758,78.77604
hebbian,4.0,4.0,4.0,none,6.501801,75.0
hebbian,4.0,4.0,24.0,none,388.2677,86.197914
anti_hebbian,4.0,4.0,4.0,none,6.4169188,79.6875
hebbian,4.0,4.0,24.0,none,226.45074,81.640625
anti_hebbian,4.0,4.0,4.0,none,4.0075684,78.125
hebbian,4.0,4.0,4.0,none,8.22923,90.625
random_walk,4.0,4.0,4.0,none,5.817733,79.6875
anti_hebbian,4.0,4.0,24.0,none,287.86148,76.171875
hebbian,4.0,4.0,24.0,none,347.89273,79.03646
anti_hebbian,4.0,4.0,24.0,none,202.08627,77.083336
hebbian,4.0,4.0,4.0,none,6.4353437,67.96875
hebbian,4.0,4.0,24.0,none,445.78235,77.99479
anti_hebbian,4.0,4.0,24.0,none,409.1554,77.99479
random_walk,4.0,4.0,4.0,none,9.03194,83.59375
hebbian,4.0,4.0,4.0,none,6.935066,72.65625
anti_hebbian,4.0,4.0,4.0,none,9.988578,79.6875
anti_hebbian,4.0,4.0,4.0,none,6.775962,75.0
random_walk,4.0,4.0,4.0,none,5.921254,82.8125
anti_hebbian,4.0,4.0,24.0,none,201.8083,75.91146
hebbian,4.0,4.0,4.0,none,6.806027,86.71875
hebbian,4.0,4.0,24.0,none,234.2708,83.072914
anti_hebbian,4.0,4.0,4.0,none,4.286152,67.96875
anti_hebbian,4.0,4.0,24.0,none,258.50977,83.984375
hebbian,4.0,4.0,24.0,none,177.43575,88.541664
hebbian,4.0,4.0,4.0,none,5.77934,79.6875
anti_hebbian,4.0,4.0,24.0,none,350.29742,82.94271
anti_hebbian,4.0,4.0,4.0,none,6.3589544,67.1875
hebbian,4.0,4.0,4.0,none,8.7023735,85.15625
anti_hebbian,4.0,4.0,24.0,none,526.65173,80.208336
anti_hebbian,4.0,4.0,4.0,none,6.651108,77.34375
random_walk,4.0,4.0,4.0,none,6.155769,78.125
random_walk,4.0,4.0,4.0,none,9.3291855,89.84375
hebbian,4.0,4.0,24.0,none,373.41013,72.65625
random_walk,4.0,4.0,4.0,none,7.6323633,80.46875
anti_hebbian,4.0,4.0,4.0,none,11.016014,79.6875
anti_hebbian,4.0,4.0,24.0,none,328.80902,81.640625
random_walk,4.0,4.0,4.0,none,6.6675234,88.28125
hebbian,4.0,4.0,24.0,none,222.36398,81.770836
hebbian,4.0,4.0,4.0,none,7.6407633,71.09375
anti_hebbian,4.0,4.0,24.0,none,148.05736,76.822914
hebbian,4.0,4.0,4.0,none,8.842759,80.46875
hebbian,4.0,4.0,24.0,none,257.3435,80.729164
hebbian,4.0,4.0,4.0,none,11.581887,81.25
random_walk,4.0,4.0,4.0,none,8.116662,89.84375
anti_hebbian,4.0,4.0,24.0,none,223.5739,81.11979
random_walk,4.0,4.0,4.0,none,7.588957,76.5625
anti_hebbian,4.0,4.0,4.0,none,7.951269,72.65625
anti_hebbian,4.0,4.0,4.0,none,10.845659,82.03125
random_walk,4.0,4.0,4.0,none,9.883515,84.375
hebbian,4.0,4.0,24.0,none,289.12204,75.390625
hebbian,4.0,4.0,24.0,none,277.22253,69.010414
anti_hebbian,4.0,4.0,24.0,none,229.98985,74.34896
anti_hebbian,4.0,4.0,24.0,none,278.01038,86.06771
random_walk,4.0,4.0,4.0,none,9.220591,86.71875
anti_hebbian,4.0,4.0,4.0,none,8.678255,78.90625
hebbian,4.0,4.0,4.0,none,8.881355,89.84375
anti_hebbian,4.0,4.0,24.0,none,272.72568,76.822914
anti_hebbian,4.0,4.0,4.0,none,9.100695,74.21875
anti_hebbian,4.0,4.0,4.0,none,9.914965,72.65625
random_walk,4.0,4.0,4.0,none,9.893603,82.8125
hebbian,4.0,4.0,24.0,none,318.37875,74.21875
anti_hebbian,4.0,4.0,4.0,none,10.082228,89.0625
anti_hebbian,4.0,4.0,24.0,none,298.68182,90.364586
hebbian,4.0,4.0,4.0,none,6.840026,78.125
random_walk,4.0,4.0,4.0,none,9.495895,74.21875
anti_hebbian,4.0,4.0,4.0,none,7.980226,75.0
anti_hebbian,4.0,4.0,24.0,none,380.93967,80.078125
hebbian,4.0,4.0,24.0,none,255.83513,84.635414
anti_hebbian,4.0,4.0,24.0,none,162.58102,69.53125
anti_hebbian,4.0,4.0,4.0,none,6.635181,83.59375
random_walk,4.0,4.0,4.0,none,13.369048,79.6875
random_walk,4.0,4.0,4.0,none,6.362339,76.5625
anti_hebbian,4.0,4.0,24.0,none,203.25998,88.020836
hebbian,4.0,4.0,4.0,none,4.529323,82.03125
hebbian,4.0,4.0,24.0,none,250.29626,79.55729
anti_hebbian,4.0,4.0,4.0,none,6.8471537,84.375
hebbian,4.0,4.0,4.0,none,6.289877,76.5625
anti_hebbian,4.0,4.0,24.0,none,290.47464,90.625
random_walk,4.0,4.0,4.0,none,6.415534,73.4375
anti_hebbian,4.0,4.0,4.0,none,6.253603,80.46875
random_walk,4.0,4.0,4.0,none,5.058029,80.46875
hebbian,4.0,4.0,4.0,none,5.599511,80.46875
random_walk,4.0,4.0,4.0,none,7.0898447,69.53125
anti_hebbian,4.0,4.0,24.0,none,171.85162,78.77604
hebbian,4.0,4.0,4.0,none,5.957203,86.71875
random_walk,4.0,4.0,4.0,none,8.368201,80.46875
hebbian,4.0,4.0,24.0,none,192.18808,81.770836
hebbian,4.0,4.0,4.0,none,11.271144,77.34375
anti_hebbian,4.0,4.0,24.0,none,324.31616,79.296875
random_walk,4.0,4.0,4.0,none,10.959438,78.90625
hebbian,4.0,4.0,24.0,none,233.36,75.65104
hebbian,4.0,4.0,4.0,none,7.6422396,75.78125
hebbian,4.0,4.0,4.0,none,10.098312,82.03125
hebbian,4.0,4.0,24.0,none,179.79317,75.260414
anti_hebbian,4.0,4.0,4.0,none,4.906064,82.03125
anti_hebbian,4.0,4.0,4.0,none,8.517959,74.21875
hebbian,4.0,4.0,4.0,none,9.169107,72.65625
anti_hebbian,4.0,4.0,24.0,none,282.157,85.15625
random_walk,4.0,4.0,4.0,none,5.768152,68.75
hebbian,4.0,4.0,24.0,none,309.31952,76.69271
random_walk,4.0,4.0,4.0,none,11.361953,78.90625
hebbian,4.0,4.0,24.0,none,316.76266,82.68229
random_walk,4.0,4.0,4.0,none,14.473164,75.78125
anti_hebbian,4.0,4.0,24.0,none,269.01913,76.171875
hebbian,4.0,4.0,4.0,none,9.903334,72.65625
hebbian,4.0,4.0,24.0,none,259.339,70.052086
anti_hebbian,4.0,4.0,4.0,none,8.755865,77.34375
anti_hebbian,4.0,4.0,4.0,none,9.231186,79.6875
hebbian,4.0,4.0,24.0,none,265.50854,77.083336
hebbian,4.0,4.0,4.0,none,6.277219,85.9375
hebbian,4.0,4.0,24.0,none,254.9094,89.97396
anti_hebbian,4.0,4.0,4.0,none,9.0326,84.375
hebbian,4.0,4.0,24.0,none,259.50525,77.734375
anti_hebbian,4.0,4.0,4.0,none,9.757268,86.71875
random_walk,4.0,4.0,4.0,none,5.920351,75.78125
hebbian,4.0,4.0,4.0,none,6.294648,72.65625
random_walk,4.0,4.0,4.0,none,10.311262,79.6875
anti_hebbian,4.0,4.0,24.0,none,337.6757,86.06771
hebbian,4.0,4.0,24.0,none,148.55473,82.421875
anti_hebbian,4.0,4.0,24.0,none,336.82407,92.447914
anti_hebbian,4.0,4.0,24.0,none,252.38239,79.6875
random_walk,4.0,4.0,4.0,none,14.8672085,71.09375
hebbian,4.0,4.0,4.0,none,7.881382,75.78125
anti_hebbian,4.0,4.0,4.0,none,7.99651,71.875
random_walk,4.0,4.0,4.0,none,6.584918,84.375
hebbian,4.0,4.0,24.0,none,208.13176,93.489586
anti_hebbian,4.0,4.0,4.0,none,9.321198,74.21875
random_walk,4.0,4.0,4.0,none,12.674756,75.78125
hebbian,4.0,4.0,4.0,none,6.0785723,89.84375
anti_hebbian,4.0,4.0,24.0,none,248.13864,84.114586
random_walk,4.0,4.0,4.0,none,7.632112,83.59375
anti_hebbian,4.0,4.0,4.0,none,9.230577,74.21875
anti_hebbian,4.0,4.0,24.0,none,280.36588,84.24479
anti_hebbian,4.0,4.0,4.0,none,13.125214,74.21875
hebbian,4.0,4.0,24.0,none,166.66095,76.953125
anti_hebbian,4.0,4.0,24.0,none,158.91716,86.84896
anti_hebbian,4.0,4.0,4.0,none,7.319495,76.5625
anti_hebbian,4.0,4.0,24.0,none,329.2428,85.28646
random_walk,4.0,4.0,4.0,none,4.789587,85.9375
anti_hebbian,4.0,4.0,4.0,none,8.704603,75.0
anti_hebbian,4.0,4.0,24.0,none,484.67896,76.5625
hebbian,4.0,4.0,4.0,none,8.300967,74.21875
anti_hebbian,4.0,4.0,4.0,none,6.4974537,74.21875
anti_hebbian,4.0,4.0,4.0,none,6.964798,82.8125
anti_hebbian,4.0,4.0,24.0,none,209.69412,77.604164
random_walk,4.0,4.0,4.0,none,11.42364,71.875
hebbian,4.0,4.0,24.0,none,250.2959,72.135414
hebbian,4.0,4.0,4.0,none,9.06025,83.59375
hebbian,4.0,4.0,24.0,none,633.1464,80.859375
hebbian,4.0,4.0,4.0,none,5.12411,80.46875
hebbian,4.0,4.0,24.0,none,363.17783,70.703125
hebbian,4.0,4.0,4.0,none,6.4846096,83.59375
random_walk,4.0,4.0,4.0,none,10.381649,74.21875
anti_hebbian,4.0,4.0,24.0,none,240.38295,77.864586
anti_hebbian,4.0,4.0,4.0,none,9.353281,82.8125
anti_hebbian,4.0,4.0,4.0,none,7.48322,95.3125
random_walk,4.0,4.0,4.0,none,11.935617,84.375
hebbian,4.0,4.0,24.0,none,391.58685,83.072914
hebbian,4.0,4.0,24.0,none,311.87158,87.760414
random_walk,4.0,4.0,4.0,none,6.163824,78.90625
anti_hebbian,4.0,4.0,24.0,none,275.15698,90.364586
hebbian,4.0,4.0,4.0,none,6.646142,77.34375
hebbian,4.0,4.0,24.0,none,190.21983,79.6875
hebbian,4.0,4.0,4.0,none,9.974218,76.5625
hebbian,4.0,4.0,24.0,none,271.6149,89.322914
hebbian,4.0,4.0,4.0,none,6.532696,79.6875
hebbian,4.0,4.0,4.0,none,5.444025,82.8125
hebbian,4.0,4.0,4.0,none,8.0536995,82.8125
anti_hebbian,4.0,4.0,24.0,none,276.52356,73.828125
random_walk,4.0,4.0,4.0,none,13.198193,78.125
random_walk,4.0,4.0,4.0,none,6.9197197,83.59375
hebbian,4.0,4.0,24.0,none,388.59753,84.114586
hebbian,4.0,4.0,24.0,none,308.98428,79.427086
random_walk,4.0,4.0,24.0,none,149.18521,79.947914
anti_hebbian,4.0,4.0,24.0,none,225.28014,83.59375
random_walk,4.0,4.0,24.0,none,225.1251,76.953125
anti_hebbian,4.0,4.0,24.0,none,242.18224,77.34375
random_walk,4.0,4.0,4.0,none,9.382232,76.5625
anti_hebbian,4.0,4.0,4.0,none,5.6561747,80.46875
hebbian,4.0,4.0,4.0,none,8.804967,65.625
hebbian,4.0,4.0,24.0,none,215.58273,76.953125
anti_hebbian,4.0,4.0,24.0,none,204.18817,78.90625
random_walk,4.0,4.0,24.0,none,322.00336,76.43229
random_walk,4.0,4.0,24.0,none,286.55438,81.11979
anti_hebbian,4.0,4.0,4.0,none,6.385437,82.8125
hebbian,4.0,4.0,24.0,none,411.68295,82.16146
hebbian,4.0,4.0,24.0,none,269.86008,78.515625
hebbian,4.0,4.0,4.0,none,6.407907,78.125
anti_hebbian,4.0,4.0,4.0,none,5.023996,85.9375
random_walk,4.0,4.0,4.0,none,9.642495,73.4375
random_walk,4.0,4.0,24.0,none,276.14008,79.296875
anti_hebbian,4.0,4.0,24.0,none,208.75989,85.02604
hebbian,4.0,4.0,24.0,none,218.53377,84.114586
anti_hebbian,4.0,4.0,24.0,none,265.82413,77.734375
random_walk,4.0,4.0,24.0,none,273.71204,76.69271
random_walk,4.0,4.0,4.0,none,6.5848064,69.53125
random_walk,4.0,4.0,4.0,none,10.591233,70.3125
anti_hebbian,4.0,4.0,24.0,none,188.20297,81.90104
hebbian,4.0,4.0,4.0,none,6.348568,95.3125
anti_hebbian,4.0,4.0,4.0,none,9.718531,75.78125
random_walk,4.0,4.0,24.0,none,290.5079,77.604164
anti_hebbian,4.0,4.0,4.0,none,7.181057,85.9375
hebbian,4.0,4.0,24.0,none,178.07448,80.33854
anti_hebbian,4.0,4.0,4.0,none,6.640517,82.03125
hebbian,4.0,4.0,4.0,none,9.072709,73.4375
anti_hebbian,4.0,4.0,24.0,none,242.87067,86.458336
random_walk,4.0,4.0,4.0,none,10.543896,79.6875
random_walk,4.0,4.0,24.0,none,195.33685,80.46875
anti_hebbian,4.0,4.0,24.0,none,231.95511,76.43229
hebbian,4.0,4.0,4.0,none,8.224883,85.15625
anti_hebbian,4.0,4.0,4.0,none,11.249818,67.96875
random_walk,4.0,4.0,4.0,none,6.943028,82.03125
anti_hebbian,4.0,4.0,24.0,none,251.44487,86.06771
hebbian,4.0,4.0,4.0,none,9.700771,67.96875
random_walk,4.0,4.0,24.0,none,247.22346,85.416664
random_walk,4.0,4.0,4.0,none,7.053007,71.875
hebbian,4.0,4.0,24.0,none,443.63867,76.302086
anti_hebbian,4.0,4.0,4.0,none,8.552067,85.15625
hebbian,4.0,4.0,4.0,none,9.066622,75.0
anti_hebbian,4.0,4.0,24.0,none,211.3462,74.08854
random_walk,4.0,4.0,4.0,none,10.325035,78.125
random_walk,4.0,4.0,24.0,none,260.6642,75.78125
anti_hebbian,4.0,4.0,4.0,none,5.240944,82.8125
hebbian,4.0,4.0,4.0,none,12.307827,70.3125
hebbian,4.0,4.0,4.0,none,8.231807,75.0
hebbian,4.0,4.0,24.0,none,229.8593,77.604164
random_walk,4.0,4.0,24.0,none,223.55905,79.427086
anti_hebbian,4.0,4.0,4.0,none,11.8720665,82.8125
anti_hebbian,4.0,4.0,4.0,none,4.681432,77.34375
hebbian,4.0,4.0,4.0,none,7.585093,81.25
anti_hebbian,4.0,4.0,24.0,none,279.36322,72.78646
random_walk,4.0,4.0,4.0,none,6.900038,82.8125
random_walk,4.0,4.0,24.0,none,213.02045,72.395836
random_walk,4.0,4.0,24.0,none,210.47296,69.40104
random_walk,4.0,4.0,4.0,none,6.56224,84.375
hebbian,4.0,4.0,24.0,none,217.01883,85.546875
random_walk,4.0,4.0,4.0,none,10.272638,82.03125
anti_hebbian,4.0,4.0,24.0,none,199.37595,81.510414
hebbian,4.0,4.0,4.0,none,7.192856,64.0625
hebbian,4.0,4.0,24.0,none,323.13162,82.03125
anti_hebbian,4.0,4.0,4.0,none,7.864258,76.5625
anti_hebbian,4.0,4.0,4.0,none,11.367434,65.625
random_walk,4.0,4.0,24.0,none,165.58632,78.90625
hebbian,4.0,4.0,4.0,none,8.452526,75.0
random_walk,4.0,4.0,24.0,none,336.80594,90.234375
random_walk,4.0,4.0,24.0,none,222.10489,83.46354
random_walk,4.0,4.0,24.0,none,184.09799,84.50521
hebbian,4.0,4.0,24.0,none,304.42236,81.11979
anti_hebbian,4.0,4.0,4.0,none,12.739769,72.65625
anti_hebbian,4.0,4.0,24.0,none,207.92363,76.43229
hebbian,4.0,4.0,4.0,none,9.463402,84.375
anti_hebbian,4.0,4.0,4.0,none,10.126539,77.34375
random_walk,4.0,4.0,24.0,none,218.287,87.5
random_walk,4.0,4.0,4.0,none,8.59244,84.375
anti_hebbian,4.0,4.0,24.0,none,278.0665,85.546875
hebbian,4.0,4.0,24.0,none,257.5013,80.208336
random_walk,4.0,4.0,24.0,none,401.93484,80.59896
anti_hebbian,4.0,4.0,24.0,none,217.44925,76.822914
anti_hebbian,4.0,4.0,24.0,none,250.29527,82.8125
random_walk,4.0,4.0,4.0,none,6.165886,72.65625
anti_hebbian,4.0,4.0,4.0,none,8.187117,89.0625
hebbian,4.0,4.0,4.0,none,8.210627,75.78125
random_walk,4.0,4.0,4.0,none,10.337491,79.6875
random_walk,4.0,4.0,24.0,none,257.68216,77.083336
hebbian,4.0,4.0,24.0,none,199.42007,93.09896
anti_hebbian,4.0,4.0,4.0,none,4.495348,80.46875
random_walk,4.0,4.0,24.0,none,295.5873,81.25
anti_hebbian,4.0,4.0,24.0,none,285.4534,82.03125
anti_hebbian,4.0,4.0,4.0,none,8.792383,82.8125
hebbian,4.0,4.0,4.0,none,7.497867,72.65625
anti_hebbian,4.0,4.0,24.0,none,278.53876,81.25
random_walk,4.0,4.0,24.0,none,226.57997,84.635414
random_walk,4.0,4.0,4.0,none,8.489637,86.71875
hebbian,4.0,4.0,24.0,none,291.20697,80.46875
random_walk,4.0,4.0,24.0,none,155.1432,75.260414
hebbian,4.0,4.0,24.0,none,319.4797,88.15104
anti_hebbian,4.0,4.0,24.0,none,301.96295,76.953125
random_walk,4.0,4.0,24.0,none,499.48874,79.6875
hebbian,4.0,4.0,24.0,none,167.22108,70.18229
random_walk,4.0,4.0,4.0,none,4.905321,75.0
anti_hebbian,4.0,4.0,24.0,none,283.87698,79.296875
hebbian,4.0,4.0,4.0,none,9.3588505,80.46875
anti_hebbian,4.0,4.0,4.0,none,9.476345,65.625
anti_hebbian,4.0,4.0,4.0,none,9.3486805,84.375
anti_hebbian,4.0,4.0,24.0,none,192.3497,75.13021
random_walk,4.0,4.0,4.0,none,4.923348,84.375
anti_hebbian,4.0,4.0,4.0,none,7.810679,78.125
hebbian,4.0,4.0,24.0,none,456.79944,68.489586
hebbian,4.0,4.0,4.0,none,6.57738,78.90625
random_walk,4.0,4.0,24.0,none,158.038,85.02604
hebbian,4.0,4.0,4.0,none,6.8216133,82.8125
random_walk,4.0,4.0,24.0,none,397.45508,85.677086
random_walk,4.0,4.0,24.0,none,297.74527,84.635414
hebbian,4.0,4.0,4.0,none,6.41934,82.8125
anti_hebbian,4.0,4.0,4.0,none,8.372597,78.125
random_walk,4.0,4.0,4.0,none,7.548141,80.46875
anti_hebbian,4.0,4.0,24.0,none,205.27008,82.94271
anti_hebbian,4.0,4.0,4.0,none,4.344224,79.6875
random_walk,4.0,4.0,4.0,none,8.57689,81.25
random_walk,4.0,4.0,24.0,none,228.90521,80.46875
hebbian,4.0,4.0,24.0,none,437.5303,80.729164
random_walk,4.0,4.0,24.0,none,237.60695,77.47396
random_walk,4.0,4.0,4.0,none,9.297754,81.25
anti_hebbian,4.0,4.0,24.0,none,260.23914,84.375
hebbian,4.0,4.0,4.0,none,11.069928,74.21875
anti_hebbian,4.0,4.0,4.0,none,10.452806,78.125
random_walk,4.0,4.0,24.0,none,282.7171,84.114586
hebbian,4.0,4.0,4.0,none,8.7116585,79.6875
hebbian,4.0,4.0,24.0,none,258.55838,82.03125
hebbian,4.0,4.0,4.0,none,13.868128,74.21875
random_walk,4.0,4.0,24.0,none,255.58472,81.38021
hebbian,4.0,4.0,4.0,none,7.582943,78.90625
anti_hebbian,4.0,4.0,4.0,none,6.5411,77.34375
hebbian,4.0,4.0,4.0,none,8.881197,74.21875
anti_hebbian,4.0,4.0,24.0,none,238.93462,73.828125
random_walk,4.0,4.0,4.0,none,9.599651,86.71875
anti_hebbian,4.0,4.0,4.0,none,6.237275,68.75
random_walk,4.0,4.0,4.0,none,9.748468,79.6875
random_walk,4.0,4.0,24.0,none,258.1147,77.34375
hebbian,4.0,4.0,24.0,none,380.3277,86.06771
anti_hebbian,4.0,4.0,24.0,none,319.85095,74.08854
random_walk,4.0,4.0,24.0,none,245.31288,76.041664
random_walk,4.0,4.0,4.0,none,5.500588,77.34375
anti_hebbian,4.0,4.0,4.0,none,7.698855,79.6875
hebbian,4.0,4.0,4.0,none,7.563056,82.03125
anti_hebbian,4.0,4.0,24.0,none,253.80518,85.28646
hebbian,4.0,4.0,24.0,none,226.66304,81.38021
anti_hebbian,4.0,4.0,4.0,none,9.484431,85.15625
random_walk,4.0,4.0,24.0,none,221.56528,75.13021
anti_hebbian,4.0,4.0,24.0,none,286.41574,74.739586
hebbian,4.0,4.0,4.0,none,9.438629,75.0
anti_hebbian,4.0,4.0,4.0,none,6.2260323,64.0625
random_walk,4.0,4.0,4.0,none,11.146432,69.53125
anti_hebbian,4.0,4.0,24.0,none,337.1101,81.25
anti_hebbian,4.0,4.0,24.0,none,242.7772,88.41146
random_walk,4.0,4.0,24.0,none,279.66684,76.953125
hebbian,4.0,4.0,24.0,none,249.64941,87.5
hebbian,4.0,4.0,24.0,none,331.70633,83.46354
random_walk,4.0,4.0,24.0,none,224.7186,82.94271
random_walk,4.0,4.0,4.0,none,7.600972,75.78125
anti_hebbian,4.0,4.0,24.0,none,235.41968,77.864586
hebbian,4.0,4.0,4.0,none,6.444653,77.34375
anti_hebbian,4.0,4.0,4.0,none,12.290688,78.90625
random_walk,4.0,4.0,24.0,none,232.0071,82.421875
anti_hebbian,4.0,4.0,24.0,none,276.68268,77.99479
hebbian,4.0,4.0,24.0,none,293.18192,72.52604
anti_hebbian,4.0,4.0,4.0,none,6.961898,69.53125
random_walk,4.0,4.0,24.0,none,236.26068,79.427086
anti_hebbian,4.0,4.0,4.0,none,8.335089,75.78125
hebbian,4.0,4.0,4.0,none,6.3210163,77.34375
anti_hebbian,4.0,4.0,24.0,none,233.81992,84.765625
random_walk,4.0,4.0,4.0,none,6.48909,83.59375
hebbian,4.0,4.0,24.0,none,194.32979,84.50521
random_walk,4.0,4.0,24.0,none,365.65555,83.072914
anti_hebbian,4.0,4.0,24.0,none,299.20486,83.59375
hebbian,4.0,4.0,24.0,none,291.55328,83.59375
random_walk,4.0,4.0,24.0,none,200.29303,80.859375
random_walk,4.0,4.0,24.0,none,144.02231,77.604164
hebbian,4.0,4.0,24.0,none,313.2776,89.97396
hebbian,4.0,4.0,4.0,none,5.9089727,72.65625
random_walk,4.0,4.0,24.0,none,413.826,79.947914
hebbian,4.0,4.0,4.0,none,7.9223948,75.0
anti_hebbian,4.0,4.0,4.0,none,9.405189,88.28125
hebbian,4.0,4.0,24.0,none,245.57945,81.25
random_walk,4.0,4.0,4.0,none,11.766832,83.59375
anti_hebbian,4.0,4.0,24.0,none,248.5094,83.59375
anti_hebbian,4.0,4.0,4.0,none,8.673552,80.46875
random_walk,4.0,4.0,24.0,none,283.17767,79.6875
hebbian,4.0,4.0,24.0,none,471.8307,74.479164
random_walk,4.0,4.0,4.0,none,8.510285,78.90625
random_walk,4.0,4.0,24.0,none,165.77765,88.802086
hebbian,4.0,4.0,4.0,none,8.500024,93.75
anti_hebbian,4.0,4.0,24.0,none,264.16562,78.385414
random_walk,4.0,4.0,4.0,none,18.019283,81.25
anti_hebbian,4.0,4.0,4.0,none,8.057394,77.34375
hebbian,4.0,4.0,4.0,none,7.0234623,82.8125
random_walk,4.0,4.0,24.0,none,388.47153,77.99479
hebbian,4.0,4.0,4.0,none,9.070881,77.34375
hebbian,4.0,4.0,24.0,none,253.88979,82.552086
random_walk,4.0,4.0,4.0,none,6.903873,75.0
anti_hebbian,4.0,4.0,4.0,none,9.398532,76.5625
hebbian,4.0,4.0,24.0,none,259.94196,81.770836
hebbian,4.0,4.0,4.0,none,9.420947,78.90625
anti_hebbian,4.0,4.0,24.0,none,383.94882,77.734375
random_walk,4.0,4.0,4.0,none,7.260296,75.78125
hebbian,4.0,4.0,24.0,none,338.91827,87.760414
random_walk,4.0,4.0,4.0,none,4.7363567,88.28125
random_walk,4.0,4.0,24.0,none,214.22905,82.421875
hebbian,4.0,4.0,4.0,none,9.034058,67.1875
random_walk,4.0,4.0,4.0,none,11.279845,77.34375
anti_hebbian,4.0,4.0,24.0,none,255.05301,79.6875
hebbian,4.0,4.0,4.0,none,6.5855503,79.6875
anti_hebbian,4.0,4.0,4.0,none,8.4835,79.6875
random_walk,4.0,4.0,4.0,none,10.893152,87.5
hebbian,4.0,4.0,24.0,none,348.67645,79.03646
hebbian,4.0,4.0,4.0,none,6.8504763,78.90625
anti_hebbian,4.0,4.0,4.0,none,8.234731,91.40625
random_walk,4.0,4.0,4.0,none,8.775716,83.59375
anti_hebbian,4.0,4.0,24.0,none,170.65189,86.197914
random_walk,4.0,4.0,24.0,none,209.89658,85.416664
anti_hebbian,4.0,4.0,24.0,none,186.96387,67.447914
random_walk,4.0,4.0,24.0,none,190.08368,80.078125
hebbian,4.0,4.0,24.0,none,269.40637,79.03646
anti_hebbian,4.0,4.0,24.0,none,342.68088,76.43229
random_walk,4.0,4.0,4.0,none,4.387818,73.4375
random_walk,4.0,4.0,24.0,none,202.02385,84.114586
anti_hebbian,4.0,4.0,4.0,none,6.026368,86.71875
hebbian,4.0,4.0,4.0,none,7.3736887,87.5
hebbian,4.0,4.0,24.0,none,383.24524,76.171875
anti_hebbian,4.0,4.0,4.0,none,10.142561,78.125
hebbian,4.0,4.0,24.0,none,295.6538,75.390625
random_walk,4.0,4.0,24.0,none,291.0142,81.90104
anti_hebbian,4.0,4.0,24.0,none,288.63663,77.604164
random_walk,4.0,4.0,24.0,none,219.24574,73.697914
anti_hebbian,4.0,4.0,4.0,none,4.904179,76.5625
hebbian,4.0,4.0,4.0,none,7.550394,74.21875
anti_hebbian,4.0,4.0,24.0,none,264.37802,85.15625
random_walk,4.0,4.0,4.0,none,12.220199,71.09375
anti_hebbian,4.0,4.0,24.0,none,248.47368,74.86979
random_walk,4.0,4.0,24.0,none,262.64536,84.635414
anti_hebbian,4.0,4.0,24.0,none,272.35522,77.47396
hebbian,4.0,4.0,24.0,none,204.97433,78.90625
anti_hebbian,4.0,4.0,24.0,none,221.25574,77.734375
random_walk,4.0,4.0,4.0,none,11.010754,85.9375
random_walk,4.0,4.0,24.0,none,285.5218,76.302086
anti_hebbian,4.0,4.0,24.0,none,247.0646,85.677086
hebbian,4.0,4.0,4.0,none,4.921577,67.96875
anti_hebbian,4.0,4.0,4.0,none,8.492859,76.5625
anti_hebbian,4.0,4.0,4.0,none,10.261127,83.59375
hebbian,4.0,4.0,24.0,none,179.1279,85.677086
random_walk,4.0,4.0,24.0,none,234.35193,73.177086
hebbian,4.0,4.0,4.0,none,6.5752087,78.90625
hebbian,4.0,4.0,24.0,none,283.4345,77.604164
random_walk,4.0,4.0,24.0,none,296.6229,75.13021
random_walk,4.0,4.0,4.0,none,11.421607,64.84375
random_walk,4.0,4.0,4.0,none,10.580004,82.8125
anti_hebbian,4.0,4.0,24.0,none,212.82019,83.984375
random_walk,4.0,4.0,4.0,none,6.284646,85.15625
anti_hebbian,4.0,4.0,4.0,none,7.031077,79.6875
hebbian,4.0,4.0,4.0,none,6.5073423,80.46875
random_walk,4.0,4.0,24.0,none,285.70316,82.552086
hebbian,4.0,4.0,24.0,none,155.53587,80.729164
hebbian,4.0,4.0,4.0,none,4.242516,89.84375
hebbian,4.0,4.0,4.0,none,8.806725,80.46875
hebbian,4.0,4.0,24.0,none,287.92947,74.86979
anti_hebbian,4.0,4.0,4.0,none,10.197178,70.3125
random_walk,4.0,4.0,4.0,none,7.932873,81.25
anti_hebbian,4.0,4.0,24.0,none,323.79114,73.30729
random_walk,4.0,4.0,4.0,none,11.829237,76.5625
hebbian,4.0,4.0,24.0,none,215.01376,80.33854
random_walk,4.0,4.0,24.0,none,495.5126,78.515625
random_walk,4.0,4.0,4.0,none,14.106356,81.25
random_walk,4.0,4.0,24.0,none,354.48517,87.36979
random_walk,4.0,4.0,4.0,none,7.6509447,74.21875
anti_hebbian,4.0,4.0,24.0,none,183.44078,79.03646
hebbian,4.0,4.0,4.0,none,12.186793,77.34375
anti_hebbian,4.0,4.0,4.0,none,13.657312,80.46875
hebbian,4.0,4.0,4.0,none,6.194755,87.5
random_walk,4.0,4.0,24.0,none,240.47855,81.770836
random_walk,4.0,4.0,24.0,none,316.6619,75.520836
hebbian,4.0,4.0,4.0,none,9.439938,85.15625
hebbian,4.0,4.0,24.0,none,180.04987,76.822914
anti_hebbian,4.0,4.0,4.0,none,6.9472933,82.8125
hebbian,4.0,4.0,24.0,none,390.79834,82.552086
anti_hebbian,4.0,4.0,4.0,none,7.917443,75.78125
hebbian,4.0,4.0,4.0,none,6.918036,78.125
anti_hebbian,4.0,4.0,24.0,none,160.04092,89.19271
random_walk,4.0,4.0,4.0,none,11.092255,82.03125
anti_hebbian,4.0,4.0,24.0,none,380.78067,76.953125
random_walk,4.0,4.0,4.0,none,6.029689,81.25
hebbian,4.0,4.0,4.0,none,5.245773,69.53125
random_walk,4.0,4.0,4.0,none,4.3840513,76.5625
anti_hebbian,4.0,4.0,4.0,none,10.510624,77.34375
hebbian,4.0,4.0,24.0,none,411.71307,83.984375
anti_hebbian,4.0,4.0,4.0,none,4.7591276,75.78125
random_walk,4.0,4.0,4.0,none,4.6548643,76.5625
anti_hebbian,4.0,4.0,4.0,none,15.169104,80.46875
hebbian,4.0,4.0,4.0,none,9.900211,85.9375
random_walk,4.0,4.0,4.0,none,6.854479,82.03125
anti_hebbian,4.0,4.0,24.0,none,212.96654,79.6875
anti_hebbian,4.0,4.0,24.0,none,443.27527,71.484375
hebbian,4.0,4.0,24.0,none,266.70822,77.864586
anti_hebbian,4.0,4.0,4.0,none,4.545414,75.0
anti_hebbian,4.0,4.0,24.0,none,339.9874,79.296875
anti_hebbian,4.0,4.0,4.0,none,7.1646996,68.75
random_walk,4.0,4.0,4.0,none,10.518575,68.75
anti_hebbian,4.0,4.0,24.0,none,160.26242,74.86979
hebbian,4.0,4.0,4.0,none,9.11898,81.25
random_walk,4.0,4.0,4.0,none,5.659869,79.6875
anti_hebbian,4.0,4.0,4.0,none,8.352111,85.9375
hebbian,4.0,4.0,24.0,none,291.11792,91.27604
hebbian,4.0,4.0,4.0,none,9.577346,81.25
anti_hebbian,4.0,4.0,24.0,none,373.0284,89.97396
anti_hebbian,4.0,4.0,4.0,none,5.1474733,85.9375
random_walk,4.0,4.0,4.0,none,12.989486,81.25
anti_hebbian,4.0,4.0,24.0,none,197.66084,72.78646
anti_hebbian,4.0,4.0,4.0,none,9.744668,85.9375
anti_hebbian,4.0,4.0,24.0,none,558.1374,77.99479
hebbian,4.0,4.0,24.0,none,237.10634,82.16146
hebbian,4.0,4.0,24.0,none,205.19702,78.25521
hebbian,4.0,4.0,4.0,none,6.704328,78.125
hebbian,4.0,4.0,24.0,none,305.23145,69.270836
hebbian,4.0,4.0,4.0,none,5.887858,78.90625
hebbian,4.0,4.0,24.0,none,223.81364,71.22396
random_walk,4.0,4.0,4.0,none,6.825165,79.6875
anti_hebbian,4.0,4.0,24.0,none,388.1106,76.953125
anti_hebbian,4.0,4.0,4.0,none,5.290895,75.78125
hebbian,4.0,4.0,24.0,none,241.22224,78.515625
hebbian,4.0,4.0,24.0,none,325.38608,86.458336
random_walk,4.0,4.0,4.0,none,8.589598,78.90625
anti_hebbian,4.0,4.0,4.0,none,12.107703,81.25
anti_hebbian,4.0,4.0,24.0,none,239.71545,71.354164
random_walk,4.0,4.0,4.0,none,15.372055,69.53125
hebbian,4.0,4.0,4.0,none,10.807268,75.0
hebbian,4.0,4.0,4.0,none,9.695761,82.8125
hebbian,4.0,4.0,24.0,none,296.79648,79.427086
anti_hebbian,4.0,4.0,4.0,none,7.1144104,93.75
hebbian,4.0,4.0,4.0,none,5.850256,84.375
hebbian,4.0,4.0,24.0,none,199.27219,82.8125
hebbian,4.0,4.0,4.0,none,5.486159,81.25
anti_hebbian,4.0,4.0,24.0,none,266.75436,86.84896
random_walk,4.0,4.0,4.0,none,6.999614,71.875
hebbian,4.0,4.0,24.0,none,220.99846,86.06771
random_walk,4.0,4.0,24.0,none,359.0611,76.041664
random_walk,4.0,4.0,4.0,none,6.950163,78.90625
random_walk,4.0,4.0,4.0,none,6.623144,77.34375
anti_hebbian,4.0,4.0,24.0,none,250.1528,88.28125
hebbian,4.0,4.0,4.0,none,5.972414,85.9375
hebbian,4.0,4.0,4.0,none,6.271039,85.9375
anti_hebbian,4.0,4.0,4.0,none,8.290995,75.0
anti_hebbian,4.0,4.0,4.0,none,5.870401,78.90625
anti_hebbian,4.0,4.0,24.0,none,246.01581,83.46354
hebbian,4.0,4.0,4.0,none,5.878381,87.5
anti_hebbian,4.0,4.0,4.0,none,8.041161,78.125
random_walk,4.0,4.0,4.0,none,6.668434,87.5
anti_hebbian,4.0,4.0,24.0,none,250.03577,77.21354
anti_hebbian,4.0,4.0,24.0,none,277.53912,77.604164
hebbian,4.0,4.0,24.0,none,268.9724,77.734375
anti_hebbian,4.0,4.0,24.0,none,389.8874,79.166664
anti_hebbian,4.0,4.0,4.0,none,6.932509,74.21875
random_walk,4.0,4.0,4.0,none,18.357994,92.96875
hebbian,4.0,4.0,4.0,none,8.972729,78.125
anti_hebbian,4.0,4.0,24.0,none,258.5243,86.58854
anti_hebbian,4.0,4.0,4.0,none,5.3810396,82.8125
hebbian,4.0,4.0,24.0,none,298.1429,76.953125
random_walk,4.0,4.0,4.0,none,5.666416,80.46875
anti_hebbian,4.0,4.0,4.0,none,7.5897093,77.34375
hebbian,4.0,4.0,4.0,none,9.02944,82.8125
anti_hebbian,4.0,4.0,24.0,none,383.5179,81.640625
random_walk,4.0,4.0,4.0,none,8.870857,82.03125
random_walk,4.0,4.0,4.0,none,5.8986397,80.46875
anti_hebbian,4.0,4.0,4.0,none,7.08438,73.4375
anti_hebbian,4.0,4.0,24.0,none,199.93332,78.385414
hebbian,4.0,4.0,24.0,none,172.80988,80.729164
random_walk,4.0,4.0,4.0,none,9.988272,85.15625
anti_hebbian,4.0,4.0,4.0,none,11.963351,72.65625
random_walk,4.0,4.0,4.0,none,8.324736,69.53125
anti_hebbian,4.0,4.0,24.0,none,345.96744,84.895836
hebbian,4.0,4.0,4.0,none,6.168964,78.90625
anti_hebbian,4.0,4.0,4.0,none,6.587994,84.375
hebbian,4.0,4.0,24.0,none,228.9715,72.78646
hebbian,4.0,4.0,24.0,none,162.53438,79.947914
random_walk,4.0,4.0,4.0,none,7.024848,71.875
random_walk,4.0,4.0,24.0,none,394.69577,75.13021
hebbian,4.0,4.0,4.0,none,8.684128,85.9375
anti_hebbian,4.0,4.0,4.0,none,3.225969,79.6875
anti_hebbian,4.0,4.0,24.0,none,201.64055,68.359375
random_walk,4.0,4.0,4.0,none,6.13126,82.8125
hebbian,4.0,4.0,4.0,none,5.532305,71.09375
random_walk,4.0,4.0,24.0,none,333.9094,78.77604
hebbian,4.0,4.0,24.0,none,235.051,85.546875
hebbian,4.0,4.0,4.0,none,8.749435,85.15625
hebbian,4.0,4.0,4.0,none,5.661969,75.0
hebbian,4.0,4.0,24.0,none,242.52419,81.640625
random_walk,4.0,4.0,4.0,none,11.152286,75.0
anti_hebbian,4.0,4.0,24.0,none,288.5415,71.22396
anti_hebbian,4.0,4.0,4.0,none,6.144799,82.03125
hebbian,4.0,4.0,4.0,none,12.928869,70.3125
hebbian,4.0,4.0,24.0,none,245.80151,88.020836
random_walk,4.0,4.0,4.0,none,8.044857,78.125
hebbian,4.0,4.0,24.0,none,366.7412,81.640625
random_walk,4.0,4.0,4.0,none,13.761255,79.6875
anti_hebbian,4.0,4.0,24.0,none,412.52884,84.765625
hebbian,4.0,4.0,4.0,none,7.838364,71.875
anti_hebbian,4.0,4.0,4.0,none,4.872726,73.4375
hebbian,4.0,4.0,24.0,none,449.61188,86.458336
hebbian,4.0,4.0,4.0,none,5.542859,83.59375
hebbian,4.0,4.0,24.0,none,246.92313,89.19271
anti_hebbian,4.0,4.0,4.0,none,9.995934,67.96875
hebbian,4.0,4.0,24.0,none,266.34192,74.08854
hebbian,4.0,4.0,4.0,none,10.326457,88.28125
anti_hebbian,4.0,4.0,24.0,none,303.64957,75.65104
random_walk,4.0,4.0,4.0,none,8.111525,83.59375
hebbian,4.0,4.0,4.0,none,8.5605755,72.65625
random_walk,4.0,4.0,4.0,none,11.118429,77.34375
anti_hebbian,4.0,4.0,24.0,none,194.70999,79.03646
hebbian,4.0,4.0,4.0,none,9.542082,77.34375
anti_hebbian,4.0,4.0,4.0,none,11.877092,75.0
hebbian,4.0,4.0,24.0,none,186.90529,83.72396
hebbian,4.0,4.0,4.0,none,7.515913,78.90625
anti_hebbian,4.0,4.0,24.0,none,165.89163,87.890625
random_walk,4.0,4.0,4.0,none,13.505909,83.59375
hebbian,4.0,4.0,24.0,none,235.51338,77.99479
hebbian,4.0,4.0,4.0,none,6.092107,83.59375
anti_hebbian,4.0,4.0,24.0,none,356.24554,78.77604
hebbian,4.0,4.0,24.0,none,208.93823,79.03646
anti_hebbian,4.0,4.0,4.0,none,5.674059,79.6875
anti_hebbian,4.0,4.0,24.0,none,352.02673,84.24479
random_walk,4.0,4.0,4.0,none,6.786477,76.5625
hebbian,4.0,4.0,4.0,none,7.173737,76.5625
anti_hebbian,4.0,4.0,4.0,none,5.870255,91.40625
anti_hebbian,4.0,4.0,4.0,none,12.671619,71.875
hebbian,4.0,4.0,24.0,none,244.9434,89.84375
hebbian,4.0,4.0,24.0,none,374.32205,75.260414
anti_hebbian,4.0,4.0,4.0,none,6.251129,86.71875
anti_hebbian,4.0,4.0,4.0,none,10.532686,84.375
hebbian,4.0,4.0,4.0,none,11.992227,78.90625
random_walk,4.0,4.0,4.0,none,4.967325,82.8125
anti_hebbian,4.0,4.0,24.0,none,261.10272,80.33854
hebbian,4.0,4.0,24.0,none,310.48044,76.822914
hebbian,4.0,4.0,4.0,none,7.812524,78.90625
anti_hebbian,4.0,4.0,24.0,none,157.90651,81.25
hebbian,4.0,4.0,24.0,none,179.25389,79.6875
hebbian,4.0,4.0,4.0,none,6.9538727,72.65625
hebbian,4.0,4.0,24.0,none,196.8521,74.609375
anti_hebbian,4.0,4.0,24.0,none,222.54457,82.421875
anti_hebbian,4.0,4.0,4.0,none,6.393895,83.59375
hebbian,4.0,4.0,24.0,none,279.61606,80.859375
hebbian,4.0,4.0,4.0,none,5.6929846,81.25
anti_hebbian,4.0,4.0,24.0,none,360.39255,80.729164
random_walk,4.0,4.0,4.0,none,4.070917,82.03125
anti_hebbian,4.0,4.0,4.0,none,5.130007,71.875
hebbian,4.0,4.0,24.0,none,207.82689,74.479164
random_walk,4.0,4.0,4.0,none,7.689747,70.3125
random_walk,4.0,4.0,4.0,none,11.881018,73.4375
anti_hebbian,4.0,4.0,4.0,none,5.2696066,70.3125
anti_hebbian,4.0,4.0,24.0,none,235.93698,79.03646
hebbian,4.0,4.0,4.0,none,7.390108,81.25
anti_hebbian,4.0,4.0,4.0,none,10.303502,72.65625
anti_hebbian,4.0,4.0,24.0,none,198.59909,82.8125
hebbian,4.0,4.0,24.0,none,352.30365,77.604164
hebbian,4.0,4.0,4.0,none,9.605379,78.90625
anti_hebbian,4.0,4.0,24.0,none,227.20763,75.78125
hebbian,4.0,4.0,4.0,none,8.448821,82.8125
hebbian,4.0,4.0,24.0,none,266.60678,86.979164
random_walk,4.0,4.0,4.0,none,5.050839,75.78125
anti_hebbian,4.0,4.0,24.0,none,194.01855,82.03125
anti_hebbian,4.0,4.0,4.0,none,8.394099,74.21875
random_walk,4.0,4.0,4.0,none,6.256317,77.34375
hebbian,4.0,4.0,24.0,none,311.02252,79.166664
random_walk,4.0,4.0,4.0,none,11.202287,81.25
anti_hebbian,4.0,4.0,4.0,none,15.898281,75.0
anti_hebbian,4.0,4.0,4.0,none,5.738456,82.03125
random_walk,4.0,4.0,4.0,none,8.169638,76.5625
anti_hebbian,4.0,4.0,24.0,none,244.28033,79.296875
random_walk,4.0,4.0,4.0,none,8.376861,79.6875
hebbian,4.0,4.0,4.0,none,7.06359,85.9375
hebbian,4.0,4.0,4.0,none,4.197392,78.90625
anti_hebbian,4.0,4.0,24.0,none,189.95421,78.645836
random_walk,4.0,4.0,4.0,none,9.764094,73.4375
anti_hebbian,4.0,4.0,4.0,none,11.841092,75.78125
anti_hebbian,4.0,4.0,4.0,none,6.320159,75.78125
anti_hebbian,4.0,4.0,24.0,none,352.73828,83.59375
hebbian,4.0,4.0,24.0,none,226.96712,73.958336
hebbian,4.0,4.0,4.0,none,11.168211,83.59375
hebbian,4.0,4.0,24.0,none,435.70898,81.90104
anti_hebbian,4.0,4.0,4.0,none,12.222684,72.65625
anti_hebbian,4.0,4.0,4.0,none,7.453451,78.125
random_walk,4.0,4.0,4.0,none,7.844902,85.9375
anti_hebbian,4.0,4.0,24.0,none,186.50864,86.328125
hebbian,4.0,4.0,4.0,none,4.446965,61.71875
hebbian,4.0,4.0,24.0,none,245.63435,80.729164
hebbian,4.0,4.0,24.0,none,331.62714,74.86979
hebbian,4.0,4.0,4.0,none,5.578017,77.34375
hebbian,4.0,4.0,24.0,none,273.6694,77.47396
hebbian,4.0,4.0,4.0,none,11.650404,69.53125
random_walk,4.0,4.0,4.0,none,11.42174,85.9375
anti_hebbian,4.0,4.0,24.0,none,437.8594,81.90104
anti_hebbian,4.0,4.0,4.0,none,6.582453,77.34375
anti_hebbian,4.0,4.0,24.0,none,313.42435,79.947914
hebbian,4.0,4.0,24.0,none,263.60773,70.703125
anti_hebbian,4.0,4.0,24.0,none,248.39471,85.15625
random_walk,4.0,4.0,4.0,none,14.649635,76.5625
hebbian,4.0,4.0,4.0,none,10.958582,78.125
hebbian,4.0,4.0,4.0,none,6.290665,75.0
hebbian,4.0,4.0,24.0,none,150.44164,79.166664
anti_hebbian,4.0,4.0,4.0,none,7.1668262,82.8125
hebbian,4.0,4.0,24.0,none,287.42535,76.041664
random_walk,4.0,4.0,4.0,none,6.3573313,76.5625
anti_hebbian,4.0,4.0,4.0,none,12.741482,79.6875
random_walk,4.0,4.0,4.0,none,10.493797,85.15625
anti_hebbian,4.0,4.0,24.0,none,187.87149,81.510414
hebbian,4.0,4.0,4.0,none,12.473803,71.09375
anti_hebbian,4.0,4.0,4.0,none,8.773507,79.6875
random_walk,4.0,4.0,4.0,none,7.331465,87.5
anti_hebbian,4.0,4.0,24.0,none,203.62256,87.5
hebbian,4.0,4.0,4.0,none,11.45319,82.03125
hebbian,4.0,4.0,24.0,none,273.92493,81.770836
anti_hebbian,4.0,4.0,4.0,none,9.135894,75.0
random_walk,4.0,4.0,4.0,none,9.21641,86.71875
hebbian,4.0,4.0,24.0,none,348.247,78.515625
hebbian,4.0,4.0,4.0,none,8.567547,69.53125
anti_hebbian,4.0,4.0,24.0,none,215.35782,82.421875
random_walk,4.0,4.0,4.0,none,7.726523,73.4375
hebbian,4.0,4.0,24.0,none,109.39636,72.78646
random_walk,4.0,4.0,4.0,none,11.672288,67.1875
anti_hebbian,4.0,4.0,24.0,none,395.32315,75.260414
anti_hebbian,4.0,4.0,4.0,none,6.63523,82.03125
anti_hebbian,4.0,4.0,24.0,none,257.07544,86.58854
random_walk,4.0,4.0,4.0,none,5.007686,89.0625
anti_hebbian,4.0,4.0,4.0,none,6.135409,85.9375
hebbian,4.0,4.0,4.0,none,10.257826,77.34375
hebbian,4.0,4.0,24.0,none,266.91568,71.354164
hebbian,4.0,4.0,4.0,none,9.186741,87.5
hebbian,4.0,4.0,4.0,none,5.43652,76.5625
hebbian,4.0,4.0,24.0,none,387.81424,77.47396
random_walk,4.0,4.0,4.0,none,12.170282,74.21875
anti_hebbian,4.0,4.0,4.0,none,5.859077,86.71875
anti_hebbian,4.0,4.0,24.0,none,261.3847,81.11979
anti_hebbian,4.0,4.0,4.0,none,6.1622057,77.34375
anti_hebbian,4.0,4.0,24.0,none,209.08527,64.583336
hebbian,4.0,4.0,4.0,none,5.417418,74.21875
random_walk,4.0,4.0,24.0,none,212.76479,80.59896
random_walk,4.0,4.0,4.0,none,6.951104,79.6875
anti_hebbian,4.0,4.0,24.0,none,181.58578,70.96354
hebbian,4.0,4.0,4.0,none,6.844928,88.28125
anti_hebbian,4.0,4.0,4.0,none,5.623476,96.09375
hebbian,4.0,4.0,24.0,none,242.23665,73.046875
anti_hebbian,4.0,4.0,4.0,none,6.889761,79.6875
random_walk,4.0,4.0,24.0,none,338.66617,73.30729
anti_hebbian,4.0,4.0,4.0,none,6.808539,82.03125
hebbian,4.0,4.0,4.0,none,12.96542,70.3125
anti_hebbian,4.0,4.0,24.0,none,234.42657,76.69271
random_walk,4.0,4.0,4.0,none,5.990143,71.09375
random_walk,4.0,4.0,24.0,none,245.55023,74.609375
hebbian,4.0,4.0,4.0,none,8.518339,76.5625
random_walk,4.0,4.0,24.0,none,379.48132,81.640625
anti_hebbian,4.0,4.0,24.0,none,220.735,79.166664
hebbian,4.0,4.0,24.0,none,180.36186,78.90625
anti_hebbian,4.0,4.0,24.0,none,281.81656,75.78125
random_walk,4.0,4.0,24.0,none,231.91252,85.15625
random_walk,4.0,4.0,4.0,none,4.2396393,84.375
anti_hebbian,4.0,4.0,4.0,none,13.183754,73.4375
hebbian,4.0,4.0,4.0,none,6.254979,77.34375
anti_hebbian,4.0,4.0,4.0,none,11.5645485,82.03125
random_walk,4.0,4.0,24.0,none,311.69403,80.989586
anti_hebbian,4.0,4.0,4.0,none,9.281543,78.125
random_walk,4.0,4.0,24.0,none,315.7061,75.13021
random_walk,4.0,4.0,24.0,none,382.9004,72.135414
anti_hebbian,4.0,4.0,4.0,none,5.089094,81.25
hebbian,4.0,4.0,4.0,none,14.875766,85.15625
anti_hebbian,4.0,4.0,4.0,none,8.033309,75.78125
random_walk,4.0,4.0,4.0,none,4.2984533,75.78125
anti_hebbian,4.0,4.0,24.0,none,305.14066,82.421875
random_walk,4.0,4.0,24.0,none,452.85983,77.99479
hebbian,4.0,4.0,4.0,none,4.9302683,69.53125
anti_hebbian,4.0,4.0,24.0,none,385.10538,87.239586
random_walk,4.0,4.0,24.0,none,169.65082,77.34375
hebbian,4.0,4.0,24.0,none,251.7942,78.515625
random_walk,4.0,4.0,24.0,none,439.61746,85.28646
random_walk,4.0,4.0,24.0,none,348.39465,75.520836
hebbian,4.0,4.0,4.0,none,10.724845,83.59375
hebbian,4.0,4.0,24.0,none,297.4132,80.59896
hebbian,4.0,4.0,24.0,none,261.1816,75.65104
anti_hebbian,4.0,4.0,4.0,none,4.900448,67.1875
hebbian,4.0,4.0,24.0,none,195.27371,81.90104
hebbian,4.0,4.0,4.0,none,12.38709,82.8125
anti_hebbian,4.0,4.0,24.0,none,148.45024,78.645836
random_walk,4.0,4.0,4.0,none,7.8850994,71.875
hebbian,4.0,4.0,24.0,none,153.58058,76.041664
random_walk,4.0,4.0,4.0,none,8.678112,85.9375
random_walk,4.0,4.0,24.0,none,277.09692,81.38021
random_walk,4.0,4.0,24.0,none,196.21756,79.81771
random_walk,4.0,4.0,4.0,none,5.679828,92.1875
anti_hebbian,4.0,4.0,24.0,none,268.2454,70.052086
hebbian,4.0,4.0,4.0,none,5.894677,67.96875
anti_hebbian,4.0,4.0,4.0,none,7.98033,74.21875
hebbian,4.0,4.0,24.0,none,375.19824,84.765625
random_walk,4.0,4.0,24.0,none,315.40536,85.677086
hebbian,4.0,4.0,24.0,none,375.24902,85.28646
hebbian,4.0,4.0,4.0,none,11.190662,71.09375
hebbian,4.0,4.0,24.0,none,303.65567,79.81771
hebbian,4.0,4.0,4.0,none,11.920558,89.84375
anti_hebbian,4.0,4.0,4.0,none,5.293376,78.125
hebbian,4.0,4.0,24.0,none,191.14305,79.947914
random_walk,4.0,4.0,4.0,none,7.143117,75.0
anti_hebbian,4.0,4.0,24.0,none,221.10072,84.50521
random_walk,4.0,4.0,4.0,none,8.0132885,75.78125
hebbian,4.0,4.0,24.0,none,384.00952,83.072914
random_walk,4.0,4.0,4.0,none,9.781607,78.90625
random_walk,4.0,4.0,24.0,none,343.2153,72.395836
random_walk,4.0,4.0,4.0,none,6.757389,79.6875
random_walk,4.0,4.0,24.0,none,153.73991,80.59896
anti_hebbian,4.0,4.0,24.0,none,186.33047,78.25521
random_walk,4.0,4.0,4.0,none,7.641656,78.90625
anti_hebbian,4.0,4.0,4.0,none,6.810473,69.53125
hebbian,4.0,4.0,4.0,none,15.543283,69.53125
anti_hebbian,4.0,4.0,4.0,none,8.085747,72.65625
hebbian,4.0,4.0,4.0,none,14.716742,79.6875
anti_hebbian,4.0,4.0,24.0,none,241.67165,71.875
random_walk,4.0,4.0,4.0,none,5.1938953,71.09375
anti_hebbian,4.0,4.0,4.0,none,6.784937,80.46875
random_walk,4.0,4.0,24.0,none,225.48598,77.34375
anti_hebbian,4.0,4.0,24.0,none,300.63376,81.510414
hebbian,4.0,4.0,24.0,none,170.72789,79.03646
hebbian,4.0,4.0,4.0,none,10.7293,80.46875
random_walk,4.0,4.0,24.0,none,195.66153,81.90104
anti_hebbian,4.0,4.0,4.0,none,11.073626,78.125
random_walk,4.0,4.0,4.0,none,10.277952,75.0
random_walk,4.0,4.0,24.0,none,236.98811,77.47396
anti_hebbian,4.0,4.0,24.0,none,443.71707,82.291664
hebbian,4.0,4.0,4.0,none,9.06776,78.90625
anti_hebbian,4.0,4.0,4.0,none,11.310342,64.84375
random_walk,4.0,4.0,24.0,none,262.57034,79.296875
anti_hebbian,4.0,4.0,4.0,none,8.053099,82.03125
hebbian,4.0,4.0,24.0,none,209.40567,74.34896
random_walk,4.0,4.0,24.0,none,235.72075,84.375
hebbian,4.0,4.0,4.0,none,12.636425,71.875
random_walk,4.0,4.0,24.0,none,230.2388,76.171875
hebbian,4.0,4.0,4.0,none,5.836937,70.3125
anti_hebbian,4.0,4.0,4.0,none,9.461668,72.65625
random_walk,4.0,4.0,4.0,none,10.811775,82.03125
anti_hebbian,4.0,4.0,24.0,none,151.93968,81.25
anti_hebbian,4.0,4.0,24.0,none,221.59679,69.140625
random_walk,4.0,4.0,24.0,none,382.38422,90.885414
hebbian,4.0,4.0,24.0,none,217.61275,81.25
anti_hebbian,4.0,4.0,24.0,none,290.7781,78.645836
random_walk,4.0,4.0,4.0,none,6.646655,68.75
random_walk,4.0,4.0,24.0,none,224.1464,80.46875
anti_hebbian,4.0,4.0,4.0,none,6.517795,82.03125
hebbian,4.0,4.0,4.0,none,8.849388,83.59375
hebbian,4.0,4.0,4.0,none,8.053848,85.9375
anti_hebbian,4.0,4.0,4.0,none,7.01431,81.25
hebbian,4.0,4.0,24.0,none,235.01454,84.114586
random_walk,4.0,4.0,24.0,none,287.17368,83.072914
hebbian,4.0,4.0,24.0,none,214.04094,73.958336
random_walk,4.0,4.0,24.0,none,176.55766,81.640625
random_walk,4.0,4.0,4.0,none,5.7025785,73.4375
random_walk,4.0,4.0,4.0,none,6.279464,72.65625
anti_hebbian,4.0,4.0,24.0,none,320.58005,79.427086
hebbian,4.0,4.0,4.0,none,6.319075,81.25
anti_hebbian,4.0,4.0,4.0,none,8.032708,80.46875
random_walk,4.0,4.0,24.0,none,232.51973,80.989586
random_walk,4.0,4.0,4.0,none,4.3982773,72.65625
hebbian,4.0,4.0,24.0,none,179.24832,82.8125
random_walk,4.0,4.0,24.0,none,309.64114,79.947914
hebbian,4.0,4.0,4.0,none,8.0790825,67.1875
hebbian,4.0,4.0,24.0,none,282.6609,83.59375
anti_hebbian,4.0,4.0,24.0,none,475.92584,82.552086
hebbian,4.0,4.0,24.0,none,244.45485,74.609375
anti_hebbian,4.0,4.0,4.0,none,7.421465,82.8125
hebbian,4.0,4.0,4.0,none,8.120491,82.8125
anti_hebbian,4.0,4.0,24.0,none,182.23997,77.99479
random_walk,4.0,4.0,4.0,none,6.100801,71.09375
random_walk,4.0,4.0,24.0,none,231.81393,79.296875
hebbian,4.0,4.0,24.0,none,226.16673,80.859375
random_walk,4.0,4.0,24.0,none,290.75906,83.46354
random_walk,4.0,4.0,4.0,none,6.593163,66.40625
hebbian,4.0,4.0,24.0,none,223.25456,81.770836
anti_hebbian,4.0,4.0,24.0,none,265.54156,81.11979
random_walk,4.0,4.0,4.0,none,6.067481,81.25
anti_hebbian,4.0,4.0,4.0,none,5.692919,86.71875
hebbian,4.0,4.0,4.0,none,9.313844,69.53125
random_walk,4.0,4.0,24.0,none,361.7806,78.125
hebbian,4.0,4.0,24.0,none,278.77792,77.34375
hebbian,4.0,4.0,4.0,none,5.414105,69.53125
random_walk,4.0,4.0,24.0,none,388.4647,91.666664
hebbian,4.0,4.0,4.0,none,9.066182,77.34375
hebbian,4.0,4.0,24.0,none,159.5502,85.15625
anti_hebbian,4.0,4.0,4.0,none,8.162381,79.6875
random_walk,4.0,4.0,4.0,none,9.627914,87.5
anti_hebbian,4.0,4.0,24.0,none,275.5916,75.78125
hebbian,4.0,4.0,24.0,none,257.99265,82.421875
hebbian,4.0,24.0,24.0,geometric,2146.0957,78.75434
anti_hebbian,4.0,24.0,24.0,geometric,1639.7435,78.016495
hebbian,24.0,4.0,4.0,none,94.40381,77.47396
random_walk,4.0,4.0,24.0,none,206.37672,75.520836
random_walk,24.0,4.0,4.0,none,44.476784,78.385414
random_walk,4.0,24.0,4.0,geometric,57.041004,80.33854
anti_hebbian,24.0,24.0,24.0,geometric,17712.74,79.69112
hebbian,24.0,24.0,24.0,none,15318.304,79.81048
random_walk,24.0,4.0,4.0,geometric,58.071354,73.828125
random_walk,4.0,24.0,4.0,none,75.02915,77.083336
random_walk,4.0,4.0,24.0,geometric,186.87624,65.234375
anti_hebbian,4.0,24.0,24.0,none,2372.3118,80.92448
hebbian,24.0,4.0,4.0,geometric,76.573265,81.770836
hebbian,4.0,24.0,24.0,none,2527.6387,79.166664
hebbian,24.0,24.0,24.0,geometric,18071.56,79.806854
anti_hebbian,24.0,24.0,24.0,none,15890.872,80.64598
hebbian,24.0,4.0,24.0,geometric,2058.4707,76.671005
random_walk,4.0,4.0,4.0,geometric,9.6919155,82.03125
hebbian,4.0,4.0,4.0,none,10.0624695,80.46875
random_walk,24.0,4.0,24.0,none,2698.4463,81.68403
hebbian,4.0,4.0,4.0,geometric,6.427007,75.0
random_walk,24.0,4.0,24.0,geometric,2548.6375,81.510414
hebbian,24.0,4.0,24.0,none,2130.3862,77.43056
random_walk,4.0,4.0,4.0,none,10.358795,75.0
random_walk,24.0,24.0,24.0,geometric,15975.795,79.6224
random_walk,24.0,24.0,4.0,none,388.02148,78.32031
anti_hebbian,24.0,4.0,4.0,geometric,53.207947,79.6875
random_walk,4.0,24.0,24.0,none,2075.0874,79.23177
hebbian,4.0,24.0,4.0,none,64.82511,70.96354
anti_hebbian,4.0,24.0,4.0,geometric,73.89765,74.739586
random_walk,24.0,24.0,4.0,geometric,467.5145,79.83941
random_walk,24.0,24.0,24.0,none,14170.219,79.21007
anti_hebbian,4.0,24.0,4.0,none,60.739082,79.947914
hebbian,4.0,24.0,4.0,geometric,68.574356,75.65104
random_walk,4.0,24.0,24.0,geometric,2002.9833,78.21181
anti_hebbian,24.0,4.0,4.0,none,61.237915,78.125
hebbian,24.0,24.0,4.0,geometric,386.56186,76.43229
hebbian,4.0,4.0,24.0,none,379.99426,77.604164
anti_hebbian,4.0,4.0,4.0,geometric,7.838408,83.59375
anti_hebbian,24.0,24.0,4.0,geometric,394.3746,80.01302
anti_hebbian,24.0,4.0,24.0,none,1621.7919,75.173615
anti_hebbian,4.0,4.0,24.0,none,244.30255,79.03646
anti_hebbian,24.0,4.0,24.0,geometric,2901.673,81.03299
anti_hebbian,4.0,4.0,24.0,geometric,292.22964,83.203125
anti_hebbian,4.0,4.0,4.0,none,8.765429,67.96875
anti_hebbian,24.0,24.0,4.0,none,465.90176,79.10156
hebbian,4.0,4.0,24.0,geometric,324.08313,75.0
hebbian,24.0,24.0,4.0,none,466.37238,75.672745
hebbian,4.0,7.0,10.0,none,72.60686,78.57143
hebbian,4.0,5.0,16.0,geometric,85.04905,82.5
anti_hebbian,4.0,8.0,8.0,geometric,51.25769,77.92969
random_walk,4.0,6.0,22.0,geometric,329.6376,82.291664
random_walk,4.0,5.0,10.0,geometric,42.753,76.5
hebbian,4.0,5.0,10.0,geometric,61.219765,80.75
random_walk,4.0,5.0,11.0,none,77.07987,82.045456
anti_hebbian,4.0,6.0,23.0,none,430.74503,74.184784
random_walk,4.0,8.0,7.0,none,44.474182,85.04464
anti_hebbian,4.0,5.0,16.0,none,180.40453,79.6875
anti_hebbian,4.0,8.0,13.0,none,93.88625,84.73558
anti_hebbian,4.0,5.0,9.0,none,54.545807,74.166664
hebbian,4.0,7.0,4.0,none,17.968603,73.66071
anti_hebbian,4.0,7.0,10.0,none,82.70114,73.57143
anti_hebbian,4.0,5.0,12.0,none,111.53408,82.083336
anti_hebbian,4.0,7.0,9.0,geometric,78.08299,80.35714
random_walk,4.0,7.0,4.0,geometric,15.151395,79.46429
anti_hebbian,4.0,5.0,10.0,geometric,38.16662,74.0
random_walk,4.0,8.0,12.0,geometric,162.45564,77.21354
anti_hebbian,4.0,4.0,21.0,geometric,145.86159,80.059525
anti_hebbian,4.0,6.0,19.0,geometric,321.30984,78.399124
anti_hebbian,4.0,8.0,17.0,none,261.03568,83.180145
hebbian,4.0,8.0,17.0,none,275.41138,83.27206
anti_hebbian,4.0,6.0,20.0,none,237.52603,81.354164
hebbian,4.0,4.0,21.0,none,177.728,77.083336
hebbian,4.0,6.0,15.0,geometric,154.28441,66.25
anti_hebbian,4.0,6.0,14.0,none,196.12036,87.05357
anti_hebbian,4.0,5.0,6.0,none,30.791044,78.333336
random_walk,4.0,8.0,16.0,none,212.89404,77.24609
random_walk,4.0,8.0,15.0,geometric,201.90848,85.729164
hebbian,4.0,5.0,6.0,geometric,23.69638,77.5
anti_hebbian,4.0,6.0,15.0,geometric,131.26366,79.02778
hebbian,4.0,6.0,20.0,none,343.52603,83.541664
anti_hebbian,4.0,5.0,12.0,geometric,101.859505,71.041664
anti_hebbian,4.0,5.0,10.0,none,57.53257,86.0
random_walk,4.0,7.0,4.0,none,14.64988,79.46429
random_walk,4.0,8.0,12.0,none,137.71613,74.479164
anti_hebbian,4.0,7.0,9.0,none,74.10272,80.75397
anti_hebbian,4.0,7.0,10.0,geometric,93.28428,79.82143
anti_hebbian,4.0,8.0,13.0,geometric,144.29622,82.33173
hebbian,4.0,7.0,4.0,geometric,12.994105,83.48214
anti_hebbian,4.0,5.0,9.0,geometric,65.17091,78.333336
hebbian,4.0,5.0,10.0,none,70.59251,87.0
anti_hebbian,4.0,5.0,16.0,geometric,254.8559,84.0625
anti_hebbian,4.0,6.0,23.0,geometric,342.76004,77.71739
random_walk,4.0,5.0,11.0,geometric,93.95359,76.59091
random_walk,4.0,8.0,7.0,geometric,72.72659,81.91964
hebbian,4.0,7.0,10.0,geometric,124.490524,81.42857
anti_hebbian,4.0,8.0,8.0,none,91.210625,82.8125
random_walk,4.0,5.0,10.0,none,40.682453,80.25
random_walk,4.0,6.0,22.0,none,348.25024,75.94697
hebbian,4.0,5.0,16.0,none,168.07228,72.03125
random_walk,4.0,8.0,15.0,none,185.34856,79.479164
anti_hebbian,4.0,6.0,15.0,none,125.055824,80.97222
hebbian,4.0,5.0,6.0,none,25.311224,76.25
hebbian,4.0,6.0,20.0,geometric,220.49304,82.604164
anti_hebbian,4.0,5.0,6.0,geometric,31.641047,72.083336
anti_hebbian,4.0,6.0,14.0,geometric,169.50516,77.82738
random_walk,4.0,8.0,16.0,geometric,186.81657,73.63281
hebbian,4.0,8.0,17.0,geometric,236.41655,78.492645
hebbian,4.0,4.0,21.0,geometric,270.62524,86.60714
anti_hebbian,4.0,6.0,20.0,geometric,302.03268,76.354164
hebbian,4.0,6.0,15.0,none,137.54997,80.416664
anti_hebbian,4.0,6.0,19.0,none,285.31448,79.49561
anti_hebbian,4.0,4.0,21.0,none,204.80188,82.7381
anti_hebbian,4.0,8.0,17.0,geometric,266.7681,80.23897
anti_hebbian,4.0,6.0,12.0,geometric,68.294815,75.520836
hebbian,4.0,4.0,7.0,geometric,38.0775,75.89286
anti_hebbian,4.0,7.0,13.0,none,259.62134,79.39561
hebbian,4.0,6.0,4.0,none,17.261202,74.479164
anti_hebbian,4.0,4.0,7.0,geometric,17.756311,83.92857
random_walk,4.0,6.0,4.0,geometric,14.005427,83.854164
random_walk,4.0,7.0,12.0,geometric,51.939175,80.65476
hebbian,4.0,4.0,8.0,none,26.583998,78.515625
random_walk,4.0,7.0,14.0,geometric,236.26782,82.908165
hebbian,4.0,6.0,9.0,geometric,43.969254,76.15741
random_walk,4.0,6.0,11.0,geometric,134.6452,83.90151
random_walk,4.0,4.0,5.0,none,7.465054,82.5
random_walk,4.0,4.0,8.0,none,12.595329,75.390625
random_walk,4.0,4.0,6.0,geometric,25.912823,72.395836
random_walk,4.0,6.0,10.0,none,73.49027,77.708336
random_walk,4.0,6.0,9.0,none,85.9398,80.78704
hebbian,4.0,7.0,14.0,none,155.12688,81.12245
hebbian,4.0,8.0,4.0,none,27.697628,78.90625
anti_hebbian,4.0,4.0,11.0,geometric,79.8452,80.681816
random_walk,4.0,5.0,20.0,none,277.028,80.125
hebbian,4.0,7.0,23.0,none,381.17297,79.42547
random_walk,4.0,4.0,18.0,none,155.74617,74.826385
random_walk,4.0,7.0,18.0,geometric,332.91702,79.6627
hebbian,4.0,7.0,22.0,geometric,373.87115,77.516235
random_walk,4.0,5.0,21.0,geometric,178.10887,83.45238
random_walk,4.0,8.0,4.0,geometric,13.388197,84.765625
hebbian,4.0,4.0,11.0,none,50.37522,82.38636
hebbian,4.0,5.0,20.0,none,247.5858,84.125
anti_hebbian,4.0,5.0,19.0,geometric,314.48288,79.07895
hebbian,4.0,4.0,18.0,none,148.28957,79.166664
hebbian,4.0,7.0,18.0,geometric,235.24258,78.968254
anti_hebbian,4.0,4.0,16.0,none,97.354034,77.734375
random_walk,4.0,7.0,23.0,none,1161.8007,80.82298
hebbian,4.0,4.0,16.0,geometric,138.24599,84.765625
hebbian,4.0,4.0,17.0,geometric,135.83232,83.63971
hebbian,4.0,7.0,17.0,none,286.9989,79.62185
anti_hebbian,4.0,5.0,20.0,none,253.40804,72.875
anti_hebbian,4.0,5.0,22.0,geometric,326.83176,75.22727
random_walk,4.0,4.0,8.0,geometric,23.973942,74.21875
random_walk,4.0,6.0,9.0,geometric,59.562332,76.388885
hebbian,4.0,7.0,14.0,geometric,173.2735,75.765305
random_walk,4.0,4.0,6.0,none,15.191653,78.645836
random_walk,4.0,6.0,10.0,geometric,96.08832,76.875
random_walk,4.0,6.0,11.0,none,84.80464,82.57576
random_walk,4.0,4.0,5.0,geometric,16.623299,88.75
random_walk,4.0,7.0,14.0,none,325.81476,80.22959
hebbian,4.0,6.0,9.0,none,53.097008,82.87037
anti_hebbian,4.0,4.0,7.0,none,20.557373,88.39286
hebbian,4.0,4.0,8.0,geometric,19.96928,83.984375
random_walk,4.0,6.0,4.0,none,15.309003,79.166664
random_walk,4.0,7.0,12.0,none,113.462036,79.7619
anti_hebbian,4.0,6.0,12.0,none,138.50905,80.55556
anti_hebbian,4.0,7.0,13.0,geometric,150.12515,84.34066
hebbian,4.0,6.0,4.0,geometric,15.835165,73.4375
hebbian,4.0,4.0,7.0,none,21.448975,84.375
hebbian,4.0,4.0,17.0,none,74.999275,80.51471
hebbian,4.0,7.0,17.0,geometric,257.5899,75.73529
anti_hebbian,4.0,5.0,20.0,geometric,184.98546,73.125
hebbian,4.0,4.0,16.0,none,107.208466,72.46094
anti_hebbian,4.0,5.0,22.0,none,257.68143,86.36364
anti_hebbian,4.0,4.0,16.0,geometric,212.6956,86.91406
anti_hebbian,4.0,5.0,19.0,none,173.4631,77.89474
hebbian,4.0,4.0,18.0,geometric,188.0314,71.875
hebbian,4.0,7.0,18.0,none,225.38774,75.0
random_walk,4.0,7.0,23.0,geometric,438.23712,78.804344
random_walk,4.0,8.0,4.0,none,15.793192,84.765625
hebbian,4.0,4.0,11.0,geometric,44.125282,77.556816
hebbian,4.0,7.0,22.0,none,580.09796,84.25325
random_walk,4.0,5.0,21.0,none,283.8064,78.809525
hebbian,4.0,5.0,20.0,geometric,229.718,76.0
random_walk,4.0,5.0,20.0,geometric,171.6587,88.25
hebbian,4.0,7.0,23.0,geometric,595.7735,80.35714
hebbian,4.0,8.0,4.0,geometric,23.940159,78.125
anti_hebbian,4.0,4.0,11.0,none,64.78485,78.693184
random_walk,4.0,4.0,18.0,geometric,174.88484,69.44444
random_walk,4.0,7.0,18.0,none,179.13481,85.11905
random_walk,4.0,7.0,19.0,geometric,328.66928,75.75188
random_walk,4.0,4.0,19.0,none,148.0113,74.67105
random_walk,4.0,5.0,17.0,geometric,151.95975,83.82353
anti_hebbian,4.0,4.0,14.0,none,74.653755,83.03571
random_walk,4.0,4.0,13.0,none,126.228485,76.92308
anti_hebbian,4.0,8.0,7.0,geometric,40.299988,73.66071
anti_hebbian,4.0,4.0,15.0,geometric,102.18049,82.083336
anti_hebbian,4.0,5.0,18.0,none,279.5698,81.25
hebbian,4.0,7.0,19.0,none,289.72144,76.2218
hebbian,4.0,4.0,19.0,geometric,218.4203,85.197365
hebbian,4.0,4.0,12.0,geometric,48.16518,82.8125
random_walk,4.0,8.0,5.0,none,41.590343,76.875
hebbian,4.0,7.0,21.0,none,393.12366,86.309525
random_walk,4.0,5.0,22.0,none,404.65497,85.681816
hebbian,4.0,4.0,15.0,geometric,67.11801,80.208336
anti_hebbian,4.0,5.0,23.0,geometric,407.9549,88.152176
anti_hebbian,4.0,7.0,21.0,geometric,433.92657,76.190475
hebbian,4.0,4.0,13.0,none,188.81332,86.29808
random_walk,4.0,8.0,6.0,geometric,26.061815,73.177086
hebbian,4.0,6.0,7.0,geometric,38.88286,77.67857
random_walk,4.0,7.0,16.0,geometric,140.46046,78.23661
anti_hebbian,4.0,6.0,13.0,geometric,135.21375,82.69231
anti_hebbian,4.0,7.0,12.0,none,106.05033,78.72024
random_walk,4.0,6.0,12.0,none,104.91258,73.611115
random_walk,4.0,7.0,15.0,none,145.39073,80.0
hebbian,4.0,6.0,8.0,none,51.231026,76.302086
anti_hebbian,4.0,6.0,7.0,geometric,33.599487,73.5119
hebbian,4.0,4.0,9.0,geometric,58.87394,79.513885
random_walk,4.0,4.0,4.0,geometric,6.5725965,69.53125
random_walk,4.0,6.0,5.0,none,18.948645,76.25
random_walk,4.0,7.0,11.0,none,159.86201,80.681816
anti_hebbian,4.0,7.0,17.0,geometric,182.04184,80.14706
random_walk,4.0,7.0,10.0,geometric,60.28453,77.5
random_walk,4.0,6.0,6.0,geometric,30.295057,80.55556
hebbian,4.0,4.0,4.0,none,11.226864,78.90625
random_walk,4.0,4.0,9.0,none,62.70388,75.69444
random_walk,4.0,6.0,8.0,none,37.532417,74.21875
hebbian,4.0,4.0,15.0,none,96.22895,81.666664
hebbian,4.0,4.0,13.0,geometric,86.14164,76.68269
random_walk,4.0,8.0,6.0,none,58.971237,86.458336
anti_hebbian,4.0,5.0,23.0,none,309.98654,81.521736
anti_hebbian,4.0,7.0,21.0,none,437.31882,83.07823
hebbian,4.0,7.0,21.0,geometric,373.24487,75.93537
random_walk,4.0,5.0,22.0,geometric,322.9911,85.568184
hebbian,4.0,4.0,12.0,none,71.441185,69.270836
random_walk,4.0,8.0,5.0,geometric,20.324759,73.125
random_walk,4.0,4.0,13.0,geometric,92.32091,73.79808
anti_hebbian,4.0,8.0,7.0,none,49.027786,72.54464
anti_hebbian,4.0,5.0,18.0,geometric,118.68131,79.166664
hebbian,4.0,7.0,19.0,geometric,211.18819,85.52631
hebbian,4.0,4.0,19.0,none,132.93791,84.375
anti_hebbian,4.0,4.0,15.0,none,104.82848,83.125
anti_hebbian,4.0,4.0,14.0,geometric,64.55671,78.57143
random_walk,4.0,7.0,19.0,none,310.3958,81.109024
random_walk,4.0,4.0,19.0,geometric,136.92007,72.86184
random_walk,4.0,5.0,17.0,none,214.85092,76.911766
hebbian,4.0,4.0,4.0,geometric,9.284835,85.15625
random_walk,4.0,4.0,9.0,geometric,34.13365,86.458336
random_walk,4.0,7.0,10.0,none,93.873856,81.25
random_walk,4.0,6.0,6.0,none,38.59635,76.041664
random_walk,4.0,6.0,8.0,geometric,51.351856,67.708336
random_walk,4.0,6.0,5.0,geometric,14.108301,78.333336
random_walk,4.0,7.0,11.0,geometric,110.88862,83.44156
hebbian,4.0,4.0,9.0,none,28.513077,76.736115
random_walk,4.0,4.0,4.0,none,8.116756,78.125
anti_hebbian,4.0,7.0,17.0,none,371.432,80.2521
random_walk,4.0,7.0,15.0,geometric,204.80849,83.92857
hebbian,4.0,6.0,8.0,geometric,80.49338,82.03125
random_walk,4.0,6.0,12.0,geometric,102.52353,82.291664
anti_hebbian,4.0,6.0,7.0,none,27.78154,86.90476
anti_hebbian,4.0,6.0,13.0,none,142.53557,80.76923
hebbian,4.0,6.0,7.0,none,43.719425,73.21429
random_walk,4.0,7.0,16.0,none,222.45357,79.57589
anti_hebbian,4.0,7.0,12.0,geometric,119.889145,79.6131
random_walk,4.0,8.0,14.0,none,275.39154,80.69196
anti_hebbian,4.0,5.0,4.0,none,8.651749,74.375
anti_hebbian,4.0,6.0,16.0,none,197.00412,82.8125
random_walk,4.0,4.0,23.0,none,345.9708,73.777176
hebbian,4.0,6.0,16.0,geometric,332.8793,69.66146
anti_hebbian,4.0,5.0,5.0,geometric,29.880764,78.5
hebbian,4.0,8.0,14.0,geometric,246.7994,81.80804
random_walk,4.0,6.0,17.0,geometric,178.82256,85.416664
hebbian,4.0,4.0,22.0,geometric,161.536,80.11364
hebbian,4.0,5.0,5.0,geometric,23.138405,85.5
hebbian,4.0,4.0,23.0,none,181.51917,72.28261
anti_hebbian,4.0,6.0,18.0,none,170.67944,80.55556
random_walk,4.0,7.0,5.0,none,31.234543,71.07143
random_walk,4.0,5.0,7.0,none,46.53059,80.35714
random_walk,4.0,8.0,11.0,none,133.52618,78.97727
anti_hebbian,4.0,7.0,8.0,none,36.56861,79.01786
hebbian,4.0,8.0,10.0,geometric,96.54933,80.625
hebbian,4.0,5.0,15.0,geometric,155.14516,86.0
random_walk,4.0,7.0,7.0,geometric,82.004524,78.061226
random_walk,4.0,8.0,10.0,geometric,123.03033,80.15625
anti_hebbian,4.0,5.0,8.0,geometric,19.622177,86.25
random_walk,4.0,7.0,6.0,geometric,57.672394,81.54762
anti_hebbian,4.0,6.0,22.0,none,7367.5874,76.041664
anti_hebbian,4.0,5.0,15.0,geometric,206.85902,87.0
random_walk,4.0,5.0,12.0,geometric,100.82994,82.083336
random_walk,4.0,6.0,20.0,geometric,282.15088,84.375
anti_hebbian,4.0,8.0,10.0,geometric,73.77528,79.84375
anti_hebbian,4.0,8.0,12.0,none,137.8489,83.72396
anti_hebbian,4.0,8.0,9.0,none,117.61137,80.03472
random_walk,4.0,6.0,21.0,none,308.88525,81.54762
anti_hebbian,4.0,5.0,13.0,none,52.3965,84.42308
anti_hebbian,4.0,5.0,14.0,none,147.97952,86.07143
anti_hebbian,4.0,7.0,7.0,geometric,28.966944,78.57143
hebbian,4.0,5.0,5.0,none,16.172216,77.0
anti_hebbian,4.0,6.0,18.0,geometric,259.12,78.00926
hebbian,4.0,4.0,23.0,geometric,186.95528,83.016304
hebbian,4.0,4.0,22.0,none,135.5958,75.568184
random_walk,4.0,6.0,17.0,none,163.76613,76.71568
random_walk,4.0,4.0,23.0,geometric,273.82782,86.820656
anti_hebbian,4.0,5.0,5.0,none,12.910937,86.5
hebbian,4.0,6.0,16.0,none,234.53267,69.66146
hebbian,4.0,8.0,14.0,none,229.942,79.35268
random_walk,4.0,8.0,14.0,geometric,196.31868,81.36161
anti_hebbian,4.0,6.0,16.0,geometric,138.17801,77.99479
anti_hebbian,4.0,5.0,4.0,geometric,8.977808,70.625
anti_hebbian,4.0,5.0,14.0,geometric,78.65593,79.82143
anti_hebbian,4.0,8.0,9.0,geometric,68.75552,75.0
anti_hebbian,4.0,5.0,13.0,geometric,64.466,82.69231
random_walk,4.0,6.0,21.0,geometric,221.61908,74.007935
anti_hebbian,4.0,7.0,7.0,none,31.019133,81.37755
random_walk,4.0,6.0,20.0,none,301.4033,78.854164
random_walk,4.0,5.0,12.0,none,66.14317,73.75
anti_hebbian,4.0,8.0,10.0,none,87.07598,73.59375
anti_hebbian,4.0,5.0,15.0,none,144.73315,85.666664
anti_hebbian,4.0,8.0,12.0,geometric,140.92014,80.33854
random_walk,4.0,8.0,10.0,none,93.07725,80.15625
random_walk,4.0,7.0,6.0,none,32.240772,81.25
anti_hebbian,4.0,5.0,8.0,none,35.34286,77.1875
random_walk,4.0,7.0,7.0,none,29.124773,84.18367
anti_hebbian,4.0,6.0,22.0,geometric,432.63126,76.60985
anti_hebbian,4.0,7.0,8.0,geometric,70.69216,76.78571
random_walk,4.0,5.0,7.0,geometric,36.87933,87.5
random_walk,4.0,7.0,5.0,geometric,27.75813,83.21429
random_walk,4.0,8.0,11.0,geometric,143.06238,81.25
hebbian,4.0,5.0,15.0,none,141.97427,82.166664
hebbian,4.0,8.0,10.0,none,90.696785,75.78125
random_walk,4.0,4.0,21.0,geometric,248.51193,83.333336
random_walk,4.0,6.0,19.0,geometric,205.26973,77.302635
anti_hebbian,4.0,5.0,7.0,none,14.073327,86.42857
hebbian,4.0,6.0,19.0,none,266.73288,72.916664
random_walk,4.0,4.0,20.0,none,191.40889,71.40625
anti_hebbian,4.0,8.0,16.0,none,305.15463,75.390625
random_walk,4.0,6.0,14.0,none,158.48993,83.03571
random_walk,4.0,5.0,6.0,none,26.123602,74.166664
anti_hebbian,4.0,4.0,22.0,geometric,193.73055,73.579544
random_walk,4.0,5.0,5.0,geometric,12.280114,78.5
hebbian,4.0,6.0,14.0,geometric,154.99574,81.99405
hebbian,4.0,8.0,16.0,geometric,317.58008,71.484375
hebbian,4.0,7.0,5.0,none,23.056948,83.57143
hebbian,4.0,6.0,23.0,geometric,433.84085,82.246376
hebbian,4.0,5.0,11.0,geometric,137.59894,83.86364
hebbian,4.0,8.0,7.0,geometric,49.37117,76.78571
random_walk,4.0,5.0,15.0,geometric,143.07475,87.166664
random_walk,4.0,8.0,13.0,geometric,173.59106,70.79327
random_walk,4.0,5.0,16.0,none,284.3382,77.03125
hebbian,4.0,8.0,8.0,none,86.76249,72.85156
anti_hebbian,4.0,5.0,11.0,none,53.860535,84.545456
hebbian,4.0,6.0,22.0,none,351.60983,74.33712
random_walk,4.0,6.0,23.0,geometric,351.6648,80.16304
hebbian,4.0,7.0,9.0,none,79.44256,87.5
random_walk,4.0,5.0,9.0,none,48.280163,77.5
anti_hebbian,4.0,7.0,5.0,none,28.132435,81.07143
hebbian,4.0,8.0,12.0,none,196.31429,73.697914
random_walk,4.0,8.0,8.0,none,80.185974,79.10156
anti_hebbian,4.0,5.0,17.0,none,288.60147,82.20588
hebbian,4.0,8.0,13.0,geometric,205.23805,85.33654
anti_hebbian,4.0,7.0,4.0,geometric,17.073647,75.44643
hebbian,4.0,5.0,9.0,geometric,74.065796,82.77778
random_walk,4.0,7.0,9.0,geometric,51.408382,75.0
hebbian,4.0,6.0,14.0,none,224.71466,79.166664
random_walk,4.0,5.0,5.0,none,19.126022,65.5
hebbian,4.0,8.0,16.0,none,212.01442,81.25
anti_hebbian,4.0,8.0,16.0,geometric,300.742,73.33984
random_walk,4.0,5.0,6.0,geometric,29.155006,69.166664
random_walk,4.0,6.0,14.0,geometric,119.28227,78.72024
anti_hebbian,4.0,4.0,22.0,none,242.51418,83.23864
random_walk,4.0,4.0,20.0,geometric,199.45885,81.875
hebbian,4.0,6.0,19.0,geometric,228.25822,82.12719
random_walk,4.0,6.0,19.0,none,260.24103,78.50877
random_walk,4.0,4.0,21.0,none,220.58984,84.82143
anti_hebbian,4.0,5.0,7.0,geometric,36.544224,83.92857
anti_hebbian,4.0,5.0,17.0,geometric,161.50188,77.64706
random_walk,4.0,8.0,8.0,geometric,61.776875,79.296875
random_walk,4.0,7.0,9.0,none,50.276863,70.2381
hebbian,4.0,8.0,13.0,none,199.16539,80.40865
hebbian,4.0,5.0,9.0,none,66.74191,76.94444
anti_hebbian,4.0,7.0,4.0,none,14.244802,82.14286
random_walk,4.0,6.0,23.0,none,394.469,73.36957
anti_hebbian,4.0,7.0,5.0,geometric,18.412123,79.64286
random_walk,4.0,5.0,9.0,geometric,41.719227,83.611115
hebbian,4.0,8.0,12.0,geometric,164.02872,77.083336
hebbian,4.0,7.0,9.0,geometric,53.24883,81.94444
random_walk,4.0,8.0,13.0,none,132.01004,88.34135
hebbian,4.0,8.0,8.0,geometric,120.302666,80.078125
hebbian,4.0,6.0,22.0,geometric,384.09415,83.23864
anti_hebbian,4.0,5.0,11.0,geometric,85.251976,79.318184
random_walk,4.0,5.0,16.0,geometric,161.00296,81.40625
hebbian,4.0,7.0,5.0,geometric,22.388485,83.21429
random_walk,4.0,5.0,15.0,none,118.34143,87.166664
hebbian,4.0,5.0,11.0,none,58.98543,81.818184
hebbian,4.0,6.0,23.0,none,412.05243,86.141304
hebbian,4.0,8.0,7.0,none,53.201244,79.46429
random_walk,4.0,7.0,22.0,none,562.8523,79.38312
hebbian,4.0,5.0,21.0,none,323.56607,83.92857
anti_hebbian,4.0,8.0,5.0,none,26.355097,79.375
random_walk,4.0,4.0,11.0,geometric,65.41676,73.86364
anti_hebbian,4.0,4.0,17.0,none,144.08345,83.45588
anti_hebbian,4.0,8.0,4.0,geometric,23.898048,84.375
random_walk,4.0,4.0,10.0,none,43.408783,85.9375
anti_hebbian,4.0,5.0,21.0,geometric,225.73743,78.57143
anti_hebbian,4.0,7.0,23.0,geometric,659.1922,81.4441
random_walk,4.0,4.0,16.0,none,150.73225,75.78125
random_walk,4.0,4.0,17.0,none,114.49999,79.04412
random_walk,4.0,7.0,17.0,geometric,286.67087,80.67227
random_walk,4.0,5.0,19.0,geometric,289.90836,75.6579
hebbian,4.0,8.0,5.0,none,35.409733,80.625
anti_hebbian,4.0,4.0,12.0,geometric,57.467888,76.822914
hebbian,4.0,5.0,19.0,none,235.37953,78.1579
anti_hebbian,4.0,4.0,18.0,geometric,166.83269,74.13194
anti_hebbian,4.0,7.0,18.0,none,264.68997,85.81349
random_walk,4.0,4.0,15.0,geometric,104.9307,76.25
hebbian,4.0,6.0,10.0,geometric,112.99495,78.541664
anti_hebbian,4.0,6.0,5.0,none,19.640179,79.583336
hebbian,4.0,7.0,12.0,none,159.21577,79.166664
anti_hebbian,4.0,4.0,8.0,geometric,33.741573,82.8125
hebbian,4.0,7.0,15.0,none,263.48087,82.97619
random_walk,4.0,4.0,7.0,none,26.70628,79.46429
hebbian,4.0,7.0,13.0,geometric,87.62505,82.14286
anti_hebbian,4.0,6.0,4.0,geometric,11.483585,71.875
hebbian,4.0,6.0,5.0,none,22.843855,80.416664
hebbian,4.0,4.0,6.0,none,33.844124,72.916664
anti_hebbian,4.0,6.0,11.0,geometric,92.581856,84.09091
anti_hebbian,4.0,6.0,10.0,geometric,121.44129,73.958336
anti_hebbian,4.0,7.0,14.0,geometric,203.77646,79.20918
random_walk,4.0,7.0,13.0,geometric,163.71707,81.18132
anti_hebbian,4.0,7.0,15.0,none,167.2029,85.95238
anti_hebbian,4.0,6.0,9.0,none,72.127686,81.48148
hebbian,4.0,6.0,11.0,none,72.64511,79.92424
anti_hebbian,4.0,4.0,6.0,geometric,12.275895,79.166664
random_walk,4.0,4.0,15.0,none,96.857445,81.25
hebbian,4.0,5.0,19.0,geometric,266.30875,79.07895
anti_hebbian,4.0,4.0,18.0,none,133.37773,81.770836
anti_hebbian,4.0,7.0,18.0,geometric,222.48862,79.06746
random_walk,4.0,4.0,17.0,geometric,212.95914,86.39706
random_walk,4.0,7.0,17.0,none,339.39148,78.466385
random_walk,4.0,5.0,19.0,none,157.71468,78.947365
random_walk,4.0,4.0,16.0,geometric,158.8835,77.14844
hebbian,4.0,8.0,5.0,geometric,24.819143,84.375
anti_hebbian,4.0,4.0,12.0,none,46.667313,83.854164
anti_hebbian,4.0,5.0,21.0,none,247.66064,80.0
anti_hebbian,4.0,7.0,23.0,none,364.8776,86.490685
anti_hebbian,4.0,8.0,4.0,none,14.095663,77.34375
random_walk,4.0,4.0,10.0,geometric,35.788906,69.0625
anti_hebbian,4.0,8.0,5.0,geometric,36.019257,80.625
random_walk,4.0,4.0,11.0,none,69.02038,81.53409
random_walk,4.0,7.0,22.0,geometric,407.84662,76.623375
hebbian,4.0,5.0,21.0,geometric,220.24529,80.2381
anti_hebbian,4.0,4.0,17.0,geometric,81.39658,76.65441
random_walk,4.0,7.0,13.0,none,177.34932,85.98901
hebbian,4.0,6.0,11.0,geometric,81.30294,76.32576
anti_hebbian,4.0,4.0,6.0,none,14.753986,76.5625
anti_hebbian,4.0,7.0,15.0,geometric,140.31038,82.02381
anti_hebbian,4.0,6.0,9.0,geometric,54.50624,86.111115
hebbian,4.0,6.0,5.0,geometric,23.111849,76.666664
anti_hebbian,4.0,6.0,10.0,none,70.40803,86.458336
anti_hebbian,4.0,7.0,14.0,none,104.88833,82.39796
hebbian,4.0,4.0,6.0,geometric,19.681435,77.083336
anti_hebbian,4.0,6.0,11.0,none,103.92217,76.893936
hebbian,4.0,7.0,15.0,geometric,154.65695,87.85714
hebbian,4.0,7.0,13.0,none,135.41437,75.96154
anti_hebbian,4.0,6.0,4.0,none,10.999568,83.333336
random_walk,4.0,4.0,7.0,geometric,29.488604,74.55357
hebbian,4.0,6.0,10.0,none,82.04388,79.375
anti_hebbian,4.0,4.0,8.0,none,28.494864,78.515625
anti_hebbian,4.0,6.0,5.0,geometric,16.510056,77.5
hebbian,4.0,7.0,12.0,geometric,97.915474,90.625
hebbian,4.0,6.0,12.0,geometric,148.70761,73.78472
anti_hebbian,4.0,7.0,16.0,geometric,292.48608,80.02232
anti_hebbian,4.0,6.0,8.0,geometric,23.659657,82.291664
hebbian,4.0,4.0,10.0,geometric,50.147682,81.875
random_walk,4.0,6.0,7.0,none,21.251226,74.10714
hebbian,4.0,7.0,16.0,none,161.87077,77.34375
hebbian,4.0,6.0,13.0,none,109.287254,79.80769
hebbian,4.0,4.0,5.0,none,11.797134,79.375
anti_hebbian,4.0,7.0,11.0,none,87.53566,82.954544
hebbian,4.0,6.0,6.0,none,23.849215,73.263885
anti_hebbian,4.0,4.0,4.0,geometric,8.484325,75.78125
anti_hebbian,4.0,4.0,10.0,geometric,79.68549,85.625
anti_hebbian,4.0,4.0,9.0,none,47.781624,87.15278
anti_hebbian,4.0,4.0,5.0,none,22.975595,77.5
anti_hebbian,4.0,6.0,6.0,geometric,36.961075,71.18056
hebbian,4.0,7.0,11.0,geometric,110.426865,84.09091
random_walk,4.0,6.0,13.0,none,149.65186,68.26923
random_walk,4.0,5.0,23.0,none,484.7325,81.521736
random_walk,4.0,4.0,14.0,none,89.6126,83.03571
hebbian,4.0,5.0,18.0,geometric,170.78862,84.166664
anti_hebbian,4.0,7.0,19.0,geometric,372.1158,80.54511
anti_hebbian,4.0,4.0,19.0,none,141.87897,82.23684
anti_hebbian,4.0,7.0,22.0,geometric,413.4481,73.376625
anti_hebbian,4.0,7.0,20.0,none,385.26883,78.125
anti_hebbian,4.0,4.0,20.0,geometric,168.52252,77.65625
hebbian,4.0,5.0,17.0,none,248.96558,76.32353
hebbian,4.0,4.0,14.0,geometric,111.93678,77.00893
random_walk,4.0,5.0,18.0,geometric,210.44759,73.611115
hebbian,4.0,5.0,23.0,none,409.7155,80.434784
random_walk,4.0,7.0,20.0,none,255.35703,76.07143
anti_hebbian,4.0,4.0,13.0,geometric,49.351803,81.25
hebbian,4.0,8.0,6.0,none,41.973183,80.989586
hebbian,4.0,7.0,20.0,none,419.80988,86.33929
hebbian,4.0,4.0,20.0,geometric,142.10721,85.625
random_walk,4.0,4.0,12.0,none,97.66594,72.395836
anti_hebbian,4.0,8.0,6.0,geometric,31.123741,86.458336
random_walk,4.0,7.0,21.0,geometric,462.31558,82.39796
hebbian,4.0,5.0,22.0,geometric,211.55873,84.204544
anti_hebbian,4.0,6.0,6.0,none,27.75084,87.5
hebbian,4.0,7.0,11.0,none,87.18809,78.57143
anti_hebbian,4.0,4.0,9.0,geometric,32.494873,81.59722
anti_hebbian,4.0,4.0,5.0,geometric,23.681097,67.5
random_walk,4.0,6.0,13.0,geometric,109.98521,72.75641
anti_hebbian,4.0,4.0,4.0,none,11.006752,87.5
anti_hebbian,4.0,4.0,10.0,none,42.229504,89.375
anti_hebbian,4.0,7.0,11.0,geometric,68.43033,79.545456
hebbian,4.0,6.0,6.0,geometric,29.721357,73.263885
hebbian,4.0,6.0,13.0,geometric,114.19241,70.51282
random_walk,4.0,6.0,7.0,geometric,27.521267,79.166664
hebbian,4.0,7.0,16.0,geometric,253.96791,81.13839
hebbian,4.0,4.0,5.0,geometric,9.926604,70.625
anti_hebbian,4.0,7.0,16.0,none,273.21283,82.8125
anti_hebbian,4.0,6.0,8.0,none,44.450626,80.208336
hebbian,4.0,6.0,12.0,none,86.55286,84.72222
hebbian,4.0,4.0,10.0,none,32.49112,82.5
hebbian,4.0,7.0,20.0,geometric,358.32437,83.66071
hebbian,4.0,4.0,20.0,none,165.48238,79.375
random_walk,4.0,7.0,21.0,none,315.22656,84.353745
hebbian,4.0,5.0,22.0,none,239.04784,76.818184
random_walk,4.0,4.0,12.0,geometric,130.91705,86.197914
anti_hebbian,4.0,8.0,6.0,none,28.095413,72.65625
random_walk,4.0,5.0,18.0,none,222.70839,83.75
anti_hebbian,4.0,4.0,13.0,none,74.023605,76.68269
hebbian,4.0,8.0,6.0,geometric,42.59671,73.958336
hebbian,4.0,5.0,23.0,geometric,299.09143,76.95652
random_walk,4.0,7.0,20.0,geometric,304.89896,77.85714
anti_hebbian,4.0,7.0,22.0,none,383.422,78.49026
hebbian,4.0,4.0,14.0,none,122.4784,83.03571
anti_hebbian,4.0,7.0,20.0,geometric,490.95822,77.67857
anti_hebbian,4.0,4.0,20.0,none,323.16675,74.375
hebbian,4.0,5.0,17.0,geometric,196.89009,81.47059
random_walk,4.0,5.0,23.0,geometric,400.20596,78.804344
hebbian,4.0,5.0,18.0,none,191.51657,73.47222
anti_hebbian,4.0,7.0,19.0,none,288.064,82.23684
anti_hebbian,4.0,4.0,19.0,geometric,130.62779,79.44079
random_walk,4.0,4.0,14.0,geometric,95.50855,72.09821
hebbian,4.0,7.0,7.0,none,33.095757,78.31633
anti_hebbian,4.0,8.0,11.0,none,115.70181,82.52841
hebbian,4.0,7.0,6.0,none,42.8795,80.059525
hebbian,4.0,5.0,8.0,none,44.36957,85.9375
random_walk,4.0,5.0,13.0,geometric,115.21282,78.46154
hebbian,4.0,5.0,7.0,geometric,25.333578,82.5
anti_hebbian,4.0,7.0,6.0,geometric,24.324272,83.03571
hebbian,4.0,8.0,11.0,geometric,109.39388,82.52841
hebbian,4.0,7.0,8.0,geometric,48.455463,87.05357
hebbian,4.0,8.0,9.0,geometric,70.79912,81.423615
hebbian,4.0,5.0,13.0,geometric,159.57788,78.65385
hebbian,4.0,6.0,21.0,geometric,350.2431,78.968254
hebbian,4.0,5.0,14.0,geometric,141.71295,77.14286
random_walk,4.0,5.0,8.0,none,38.793556,75.3125
random_walk,4.0,5.0,14.0,none,131.46175,81.07143
anti_hebbian,4.0,6.0,21.0,none,282.72507,80.65476
hebbian,4.0,5.0,12.0,none,84.294365,70.0
random_walk,4.0,8.0,9.0,none,75.56893,79.166664
random_walk,4.0,7.0,8.0,geometric,45.78923,78.125
random_walk,4.0,6.0,18.0,geometric,222.33086,84.25926
random_walk,4.0,5.0,4.0,none,10.701429,78.125
random_walk,4.0,6.0,16.0,none,218.60881,81.38021
anti_hebbian,4.0,8.0,14.0,none,120.84544,81.25
anti_hebbian,4.0,8.0,15.0,geometric,198.56029,82.604164
random_walk,4.0,6.0,15.0,geometric,92.56713,75.97222
hebbian,4.0,5.0,4.0,geometric,12.438261,73.125
anti_hebbian,4.0,6.0,17.0,none,226.54578,74.87745
hebbian,4.0,6.0,18.0,geometric,289.43784,84.375
anti_hebbian,4.0,4.0,23.0,geometric,503.30432,92.25543
hebbian,4.0,8.0,15.0,geometric,187.82884,82.916664
random_walk,4.0,4.0,22.0,none,342.0678,88.21023
hebbian,4.0,6.0,17.0,none,182.93225,84.55882
hebbian,4.0,5.0,12.0,geometric,82.00435,78.125
anti_hebbian,4.0,6.0,21.0,geometric,478.7785,81.64683
random_walk,4.0,8.0,9.0,geometric,112.40302,80.03472
random_walk,4.0,5.0,14.0,geometric,134.77261,76.96429
random_walk,4.0,7.0,8.0,none,51.09825,77.67857
hebbian,4.0,5.0,14.0,none,96.210075,79.10714
hebbian,4.0,8.0,9.0,none,82.80114,71.52778
hebbian,4.0,6.0,21.0,none,292.28314,79.06746
hebbian,4.0,5.0,13.0,none,148.46408,80.96154
random_walk,4.0,5.0,8.0,geometric,55.978294,76.875
hebbian,4.0,7.0,8.0,none,90.54788,72.99107
anti_hebbian,4.0,7.0,6.0,none,44.52651,76.4881
hebbian,4.0,5.0,7.0,none,31.66886,77.5
hebbian,4.0,8.0,11.0,none,109.86289,81.107956
anti_hebbian,4.0,8.0,11.0,geometric,129.15416,75.85227
hebbian,4.0,5.0,8.0,geometric,42.924942,79.6875
hebbian,4.0,7.0,6.0,geometric,20.770452,76.78571
hebbian,4.0,7.0,7.0,geometric,29.27719,74.4898
random_walk,4.0,5.0,13.0,none,133.3533,78.84615
hebbian,4.0,8.0,15.0,none,265.98242,83.645836
hebbian,4.0,6.0,17.0,geometric,147.30362,76.47059
random_walk,4.0,4.0,22.0,geometric,309.99454,77.41477
anti_hebbian,4.0,6.0,17.0,geometric,166.49118,81.37255
anti_hebbian,4.0,4.0,23.0,none,179.05186,78.66848
hebbian,4.0,6.0,18.0,none,307.92606,78.00926
anti_hebbian,4.0,8.0,15.0,none,247.85902,79.166664
hebbian,4.0,5.0,4.0,none,10.531958,85.0
random_walk,4.0,6.0,15.0,none,231.70285,84.166664
random_walk,4.0,6.0,18.0,none,224.16531,75.46296
random_walk,4.0,6.0,16.0,geometric,182.25568,78.77604
random_walk,4.0,5.0,4.0,geometric,13.039434,79.375
anti_hebbian,4.0,8.0,14.0,geometric,174.87773,83.92857
hebbian,4.0,24.0,24.0,geometric,2121.9377,77.84288
anti_hebbian,4.0,24.0,24.0,geometric,2871.849,81.640625
hebbian,24.0,4.0,4.0,none,64.150826,71.354164
random_walk,4.0,4.0,24.0,none,346.44745,77.34375
random_walk,24.0,4.0,4.0,none,104.53062,77.99479
random_walk,4.0,24.0,4.0,geometric,54.87287,75.65104
anti_hebbian,24.0,24.0,24.0,geometric,20766.611,80.52662
hebbian,24.0,24.0,24.0,none,14375.604,79.17752
random_walk,24.0,4.0,4.0,geometric,55.252903,75.390625
random_walk,4.0,24.0,4.0,none,35.95427,81.11979
random_walk,4.0,4.0,24.0,geometric,191.29799,82.421875
anti_hebbian,4.0,24.0,24.0,none,1440.3654,79.55729
hebbian,24.0,4.0,4.0,geometric,55.856712,77.083336
hebbian,4.0,24.0,24.0,none,1909.921,80.989586
hebbian,24.0,24.0,24.0,geometric,17560.957,79.06901
anti_hebbian,24.0,24.0,24.0,none,13112.941,80.44343
hebbian,24.0,4.0,24.0,geometric,2314.4739,77.66927
random_walk,4.0,4.0,4.0,geometric,11.743906,78.90625
hebbian,4.0,4.0,4.0,none,16.528666,79.6875
random_walk,24.0,4.0,24.0,none,2085.9626,76.822914
hebbian,4.0,4.0,4.0,geometric,12.1634655,77.34375
random_walk,24.0,4.0,24.0,geometric,1693.4294,79.47049
hebbian,24.0,4.0,24.0,none,2637.1382,82.573784
random_walk,4.0,4.0,4.0,none,7.018958,88.28125
random_walk,24.0,24.0,24.0,geometric,13953.443,80.671295
random_walk,24.0,24.0,4.0,none,530.2314,77.92969
anti_hebbian,24.0,4.0,4.0,geometric,52.386215,79.03646
random_walk,4.0,24.0,24.0,none,3492.8105,79.144966
hebbian,4.0,24.0,4.0,none,68.11545,76.302086
anti_hebbian,4.0,24.0,4.0,geometric,67.149796,81.38021
random_walk,24.0,24.0,4.0,geometric,480.89014,74.17535
random_walk,24.0,24.0,24.0,none,15269.09,79.57176
anti_hebbian,4.0,24.0,4.0,none,59.85037,78.25521
hebbian,4.0,24.0,4.0,geometric,49.10714,79.55729
random_walk,4.0,24.0,24.0,geometric,1967.4789,79.88281
anti_hebbian,24.0,4.0,4.0,none,69.043236,80.33854
hebbian,24.0,24.0,4.0,geometric,605.2439,78.68924
hebbian,4.0,4.0,24.0,none,339.55014,70.96354
anti_hebbian,4.0,4.0,4.0,geometric,7.721828,78.90625
anti_hebbian,24.0,24.0,4.0,geometric,492.4424,79.014755
anti_hebbian,24.0,4.0,24.0,none,2172.3982,82.22656
anti_hebbian,4.0,4.0,24.0,none,362.94977,80.989586
anti_hebbian,24.0,4.0,24.0,geometric,2032.2196,80.09982
anti_hebbian,4.0,4.0,24.0,geometric,387.43362,77.21354
anti_hebbian,4.0,4.0,4.0,none,9.838292,72.65625
anti_hebbian,24.0,24.0,4.0,none,396.9163,77.582466
hebbian,4.0,4.0,24.0,geometric,366.45584,86.84896
hebbian,24.0,24.0,4.0,none,450.46796,77.12674
